gebaeude_id,region,gebaeudetyp,wohnflaeche_m2,baujahr,renovierungsjahr,anzahl_personen,isolationsstandard,fenster_typ,heizungsart,avg_innentemp_c,heizgradtage,warmwasseranteil,lueftungsanlage,eta_heizung,pv_kwp,smart_meter,jahresenergieverbrauch_kwh,verbrauch_kwh_pro_m2,effizienzklasse
1,sued,einfamilienhaus,198.3,1966,,2,2,alt,gas,19.5,2969,0.27,1,0.81,0.0,0,27475,138.54,C
2,nord,halle,241.4,1983,1999.0,4,1,zweifach,fernwaerme,18.0,3510,0.281,0,0.97,9.33,1,35936,148.84,C
3,west,mehrfamilienhaus,183.0,2014,2025.0,5,2,zweifach,waermepumpe,19.8,2910,0.198,0,3.23,0.0,0,11872,64.88,B
4,west,mehrfamilienhaus,171.2,1962,,2,1,dreifach,gas,22.7,3181,0.157,1,0.83,6.41,0,15129,88.39,B
5,ost,mehrfamilienhaus,255.2,2011,,4,3,dreifach,oel,20.3,2623,0.137,0,0.86,0.0,0,17065,66.88,B
6,west,mehrfamilienhaus,177.9,1971,1982.0,3,2,dreifach,oel,19.8,3238,0.204,0,0.78,0.0,1,11516,64.75,B
7,sued,mehrfamilienhaus,213.3,1993,2020.0,3,2,zweifach,waermepumpe,18.0,3456,0.183,1,3.37,0.0,0,10903,51.11,B
8,west,einfamilienhaus,204.1,1988,2022.0,1,2,zweifach,gas,19.4,2667,0.189,0,0.94,4.95,0,13950,68.34,B
9,west,einfamilienhaus,255.1,2001,,6,2,dreifach,fernwaerme,21.1,2646,0.113,0,0.96,0.0,1,14788,57.98,B
10,nord,mehrfamilienhaus,158.2,2012,,2,3,zweifach,gas,21.1,3766,0.182,0,0.96,9.95,0,13509,85.39,B
11,west,einfamilienhaus,294.5,1976,,6,1,dreifach,fernwaerme,19.7,2640,0.237,0,0.95,10.34,0,22934,77.87,B
12,ost,mehrfamilienhaus,140.9,1962,,2,1,zweifach,waermepumpe,19.8,3394,0.221,1,2.46,0.0,1,13036,92.53,B
13,west,einfamilienhaus,219.5,1981,2011.0,3,1,dreifach,fernwaerme,22.7,3119,0.159,1,0.81,0.0,1,19970,90.97,B
14,west,einfamilienhaus,208.2,1995,,5,2,alt,fernwaerme,23.7,2954,0.175,1,0.98,0.0,0,24571,118.03,C
15,west,mehrfamilienhaus,135.3,2006,,3,3,dreifach,gas,21.9,3613,0.107,0,0.89,0.0,0,8364,61.82,B
16,west,einfamilienhaus,227.7,2006,2025.0,4,2,zweifach,gas,22.4,3425,0.147,1,0.86,0.57,1,23671,103.94,C
17,west,halle,163.6,1975,1987.0,4,1,alt,waermepumpe,20.6,3198,0.163,0,2.86,,0,18021,110.17,C
18,ost,halle,116.1,2020,2025.0,2,3,zweifach,gas,21.2,2347,0.212,0,0.87,0.52,1,9177,79.01,B
19,ost,einfamilienhaus,240.7,1956,1968.0,4,1,dreifach,waermepumpe,20.1,3349,0.145,1,3.03,4.94,0,23655,98.28,B
20,nord,einfamilienhaus,97.8,1958,1973.0,1,2,zweifach,fernwaerme,19.4,2975,0.128,1,0.87,0.0,0,9988,102.14,C
21,west,einfamilienhaus,125.6,1951,,3,2,alt,waermepumpe,,3023,0.218,0,3.37,0.0,1,11628,92.6,B
22,sued,buero,182.0,2019,,2,3,zweifach,gas,19.3,2953,0.159,0,0.91,0.0,0,16015,87.97,B
23,sued,einfamilienhaus,254.3,1963,1995.0,6,1,zweifach,fernwaerme,19.3,3614,0.138,0,0.93,0.0,0,28170,110.78,C
24,nord,schule,234.1,1995,1996.0,4,3,alt,gas,19.7,3261,0.221,0,0.87,9.1,0,20972,89.6,B
25,sued,halle,196.9,2010,2010.0,3,3,dreifach,waermepumpe,18.3,2452,0.203,0,3.09,4.69,1,11863,60.24,B
26,ost,einfamilienhaus,84.8,2007,,2,2,zweifach,waermepumpe,18.1,3614,0.17,0,3.46,0.0,0,9458,111.58,C
27,west,mehrfamilienhaus,138.1,2021,2025.0,2,3,zweifach,fernwaerme,18.8,3354,0.162,0,0.92,0.0,0,7881,57.09,B
28,west,einfamilienhaus,151.6,1954,,2,2,zweifach,waermepumpe,19.8,3367,0.199,0,3.19,0.0,0,13505,89.09,B
29,sued,mehrfamilienhaus,113.8,1980,1995.0,2,3,zweifach,gas,19.1,3471,0.207,1,0.84,0.0,0,10353,90.97,B
30,west,einfamilienhaus,75.8,1987,1987.0,2,2,dreifach,fernwaerme,21.8,3703,0.19,0,0.88,0.0,0,6327,83.51,B
31,nord,mehrfamilienhaus,185.9,2002,,2,2,dreifach,waermepumpe,20.5,3038,0.186,0,2.42,0.0,1,10571,56.86,B
32,nord,einfamilienhaus,237.4,1996,,4,1,alt,gas,21.2,2863,0.15,0,0.79,0.0,1,32290,136.03,C
33,sued,buero,146.4,1991,2025.0,2,2,dreifach,pellet,21.1,3245,0.153,0,0.92,0.0,1,10588,72.34,B
34,sued,einfamilienhaus,252.8,1973,2007.0,5,2,alt,waermepumpe,20.3,2858,0.171,1,2.41,0.0,0,23662,93.59,B
35,nord,mehrfamilienhaus,92.8,1957,,1,1,dreifach,pellet,21.7,3290,0.132,0,0.85,0.0,0,6475,69.76,B
36,nord,schule,110.8,1982,2013.0,4,2,zweifach,waermepumpe,21.4,2957,0.126,1,2.94,0.0,0,8799,79.39,B
37,sued,mehrfamilienhaus,184.2,1969,,3,1,dreifach,gas,20.1,3154,0.176,0,0.92,7.7,0,14446,78.42,B
38,nord,mehrfamilienhaus,141.0,1991,2024.0,2,2,zweifach,fernwaerme,18.5,3491,0.229,0,0.99,0.0,1,11397,80.86,B
39,ost,einfamilienhaus,228.7,2009,,4,3,zweifach,gas,21.1,3046,0.076,0,0.96,0.0,0,18912,82.7,B
40,sued,einfamilienhaus,212.3,1991,2015.0,2,3,alt,waermepumpe,19.0,2464,0.16,0,3.8,0.0,0,14176,66.77,B
41,west,einfamilienhaus,145.4,1993,,1,2,dreifach,gas,21.0,3523,0.194,0,0.84,0.0,1,11864,81.62,B
42,ost,schule,96.6,1953,1977.0,1,1,zweifach,waermepumpe,21.0,3189,0.234,0,3.17,0.0,1,9195,95.2,B
43,nord,einfamilienhaus,138.1,1998,,4,2,zweifach,gas,18.9,3741,0.27,0,0.81,0.0,1,16239,117.57,C
44,nord,einfamilienhaus,214.6,1982,1986.0,4,2,zweifach,gas,20.8,2614,0.167,0,0.9,4.78,0,16806,78.33,B
45,nord,buero,232.7,1959,1996.0,3,1,dreifach,gas,20.7,3370,0.279,0,0.96,0.0,1,16935,72.78,B
46,west,einfamilienhaus,141.2,1966,,4,1,zweifach,waermepumpe,20.7,2849,0.203,0,3.65,0.0,0,14272,101.06,C
47,ost,buero,75.6,2008,,3,2,alt,gas,20.7,3113,0.221,0,0.86,4.95,0,8684,114.88,C
48,nord,einfamilienhaus,90.7,2018,2025.0,3,1,dreifach,gas,19.7,3680,0.127,0,0.93,0.0,0,8200,90.46,B
49,west,einfamilienhaus,207.0,1988,2018.0,2,3,zweifach,gas,21.2,3229,0.203,0,,0.0,1,18471,89.25,B
50,west,mehrfamilienhaus,144.3,2023,2025.0,2,3,dreifach,gas,19.7,3106,0.225,0,0.88,,0,5557,38.51,A
51,nord,mehrfamilienhaus,145.8,1963,1966.0,5,1,alt,pellet,19.2,3354,0.146,0,0.84,5.79,1,17294,118.59,C
52,ost,schule,110.1,1972,2010.0,2,1,dreifach,fernwaerme,21.7,2554,0.05,0,0.88,5.1,0,7254,65.92,B
53,west,einfamilienhaus,109.2,2019,2025.0,1,2,dreifach,gas,21.6,2783,0.187,0,0.84,0.0,1,7230,66.24,B
54,sued,einfamilienhaus,250.9,1963,1997.0,5,1,zweifach,gas,21.2,3342,0.169,0,0.92,9.44,0,31902,127.13,C
55,west,einfamilienhaus,210.2,1999,,5,3,dreifach,gas,20.3,2923,0.247,0,0.89,5.86,1,14325,68.15,B
56,nord,einfamilienhaus,130.0,1966,,1,1,dreifach,gas,18.2,3749,0.153,0,0.82,0.0,1,14035,107.95,C
57,west,mehrfamilienhaus,178.4,1974,,3,2,alt,gas,22.3,3389,0.145,0,0.86,0.0,1,21260,119.2,C
58,nord,einfamilienhaus,192.0,1985,2014.0,4,2,zweifach,gas,18.2,3658,0.121,0,0.81,0.0,1,22287,116.1,C
59,ost,mehrfamilienhaus,343.1,1976,,4,2,dreifach,gas,21.2,3217,0.148,0,0.89,0.0,1,24633,71.79,B
60,west,schule,105.2,2015,2019.0,2,3,zweifach,gas,23.4,2947,0.313,0,0.9,0.0,0,8294,78.8,B
61,sued,einfamilienhaus,190.9,2022,,2,3,zweifach,waermepumpe,20.7,2897,0.101,0,3.24,0.0,1,15437,80.89,B
62,nord,mehrfamilienhaus,250.4,1987,1988.0,3,2,zweifach,gas,20.8,3574,0.113,0,0.91,0.0,1,27948,111.62,C
63,nord,einfamilienhaus,324.7,1989,,5,3,zweifach,waermepumpe,21.0,2606,0.177,0,2.85,0.0,0,16500,50.81,B
64,west,buero,127.2,1954,1955.0,3,1,dreifach,fernwaerme,20.7,3535,0.279,1,0.92,0.0,0,10067,79.16,B
65,nord,einfamilienhaus,143.5,1967,,2,2,zweifach,waermepumpe,23.3,3175,0.217,0,3.31,11.53,0,12128,84.51,B
66,ost,mehrfamilienhaus,229.7,1952,,3,1,dreifach,gas,19.5,3070,0.258,1,0.92,0.0,0,18992,82.7,B
67,nord,einfamilienhaus,84.2,2014,,1,3,dreifach,waermepumpe,19.3,3323,0.161,1,3.11,0.0,1,3237,38.44,A
68,nord,einfamilienhaus,199.1,1967,1994.0,2,2,zweifach,waermepumpe,20.1,3336,0.11,1,4.02,6.84,1,15042,75.55,B
69,west,einfamilienhaus,399.7,1975,2008.0,7,2,dreifach,pellet,22.6,2640,0.158,0,0.94,5.94,1,26532,66.39,B
70,nord,einfamilienhaus,208.3,2013,,5,3,zweifach,waermepumpe,19.8,3403,0.174,1,3.56,0.0,0,16255,78.03,B
71,sued,schule,60.9,2003,2025.0,1,2,zweifach,gas,21.4,3158,0.181,0,0.87,0.0,0,6174,101.42,C
72,sued,einfamilienhaus,116.8,1996,1996.0,2,2,alt,pellet,21.8,2234,0.169,0,0.81,6.77,0,8388,71.81,B
73,nord,halle,128.9,1952,1970.0,3,1,zweifach,waermepumpe,19.4,2895,0.21,0,3.03,0.0,0,14308,111.01,C
74,sued,mehrfamilienhaus,276.0,1992,2025.0,2,3,zweifach,gas,21.7,3264,0.144,0,0.78,3.75,1,20193,73.15,B
75,ost,einfamilienhaus,160.2,1992,,3,2,dreifach,gas,22.2,3348,0.134,0,1.0,0.0,0,11942,74.56,B
76,west,einfamilienhaus,76.1,1973,1994.0,5,1,zweifach,pellet,20.9,3205,0.12,0,0.91,0.0,0,8492,111.64,C
77,west,einfamilienhaus,168.2,2005,2022.0,3,1,zweifach,gas,20.0,2861,0.19,0,0.83,,0,17554,104.34,C
78,west,buero,183.2,2019,2025.0,3,2,dreifach,waermepumpe,20.7,3350,0.185,0,3.02,0.0,1,11692,63.83,B
79,ost,einfamilienhaus,136.1,1969,,3,2,dreifach,oel,20.1,2679,0.235,0,0.9,0.0,0,12282,90.22,B
80,west,buero,108.3,1974,1994.0,4,1,dreifach,waermepumpe,23.5,3052,0.257,0,4.01,0.0,0,7025,64.84,B
81,sued,einfamilienhaus,419.9,1974,,8,2,alt,gas,19.9,2493,0.12,0,0.86,0.0,0,50227,119.61,C
82,ost,einfamilienhaus,250.7,2012,2025.0,2,3,zweifach,waermepumpe,21.1,3043,0.181,0,3.34,0.0,0,14820,59.1,B
83,nord,einfamilienhaus,260.9,1955,,5,1,zweifach,fernwaerme,18.7,2989,0.17,0,0.98,4.47,1,36920,141.53,C
84,nord,mehrfamilienhaus,160.3,2017,,6,3,zweifach,waermepumpe,20.7,3615,0.103,0,3.51,4.6,1,8953,55.85,B
85,ost,mehrfamilienhaus,126.2,2008,2025.0,3,3,zweifach,gas,20.2,3252,,1,0.86,0.0,1,13374,105.95,C
86,ost,schule,139.1,1986,2010.0,1,1,alt,gas,21.7,2900,0.258,0,0.83,4.14,0,14660,105.41,C
87,west,einfamilienhaus,92.7,1993,,2,2,dreifach,gas,21.3,3482,0.148,0,0.84,0.0,1,9960,107.44,C
88,west,einfamilienhaus,340.0,2017,2025.0,4,3,zweifach,gas,22.2,2765,0.14,0,0.87,10.41,1,27646,81.3,B
89,nord,buero,163.2,2007,2016.0,4,3,zweifach,pellet,22.1,3338,0.177,0,1.0,12.69,1,9175,56.22,B
90,west,mehrfamilienhaus,304.8,1970,1982.0,4,3,zweifach,gas,20.4,2885,0.226,0,0.86,3.74,0,24954,81.88,B
91,sued,buero,142.1,1953,1965.0,2,1,dreifach,gas,19.4,3210,0.165,1,0.9,9.56,1,11662,82.09,B
92,sued,einfamilienhaus,209.7,1999,,2,2,zweifach,waermepumpe,19.5,3175,0.186,0,2.67,7.66,1,17702,84.43,B
93,west,mehrfamilienhaus,187.7,1960,,2,1,alt,gas,20.9,3556,0.066,0,0.84,0.0,0,24341,129.69,C
94,sued,einfamilienhaus,88.6,1956,1956.0,3,2,zweifach,gas,20.7,2979,0.209,0,0.85,4.13,0,7880,88.92,B
95,sued,halle,359.9,2023,,6,3,zweifach,waermepumpe,18.8,1914,0.191,1,2.87,,0,20335,56.5,B
96,nord,einfamilienhaus,144.0,1985,2019.0,2,2,alt,oel,19.9,3199,0.224,0,0.87,0.0,1,17836,123.89,C
97,nord,buero,101.0,1998,2022.0,1,2,alt,waermepumpe,22.2,3898,0.087,0,3.36,0.0,0,8275,81.96,B
98,west,einfamilienhaus,230.5,1966,1978.0,2,2,zweifach,fernwaerme,18.7,2986,0.165,0,0.94,0.0,1,19782,85.83,B
99,nord,buero,172.1,1957,,1,2,dreifach,gas,,2679,0.228,0,0.83,14.21,1,12922,75.09,B
100,nord,buero,201.3,1954,1964.0,3,2,alt,fernwaerme,19.2,3507,0.152,1,0.97,11.28,1,23704,117.77,C
101,ost,buero,179.9,1976,1988.0,4,2,dreifach,waermepumpe,20.2,3283,0.183,0,2.79,0.0,0,9930,55.21,B
102,sued,einfamilienhaus,63.3,1950,,1,1,dreifach,gas,22.0,2695,0.16,0,0.76,0.0,1,4553,71.93,B
103,ost,einfamilienhaus,115.1,1981,,4,2,dreifach,waermepumpe,20.2,3014,0.161,1,3.5,10.38,0,4026,34.98,A
104,west,buero,113.1,1974,,1,2,alt,oel,20.6,2803,0.238,1,0.75,0.0,1,13710,121.2,C
105,ost,mehrfamilienhaus,259.1,1989,1995.0,4,2,dreifach,fernwaerme,21.3,3283,0.109,0,0.85,0.0,0,21818,84.19,B
106,west,mehrfamilienhaus,175.0,1994,1998.0,2,2,zweifach,waermepumpe,20.1,3120,0.177,0,2.52,14.71,0,9390,53.66,B
107,sued,einfamilienhaus,215.3,1973,2011.0,5,2,zweifach,gas,21.0,2542,0.193,0,0.95,8.53,0,19532,90.72,B
108,sued,einfamilienhaus,147.8,1984,,5,3,dreifach,oel,20.8,2947,0.227,1,0.75,0.0,1,15581,105.39,C
109,nord,einfamilienhaus,220.1,1955,1982.0,2,1,dreifach,gas,19.1,3093,0.174,1,0.89,0.0,1,17479,79.42,B
110,ost,mehrfamilienhaus,160.5,1972,,2,1,zweifach,waermepumpe,19.9,3611,0.228,0,2.95,0.0,0,13434,83.71,B
111,west,einfamilienhaus,155.3,2023,,4,3,dreifach,fernwaerme,20.9,3413,0.177,0,0.91,7.37,0,8421,54.22,B
112,west,einfamilienhaus,187.1,2024,,1,3,zweifach,gas,22.0,3057,0.186,0,0.83,3.63,1,17522,93.65,B
113,ost,buero,179.9,1986,2009.0,4,2,alt,gas,22.0,3128,0.184,0,0.89,10.37,0,17808,99.01,B
114,west,mehrfamilienhaus,484.1,2020,2025.0,8,4,zweifach,pellet,23.0,3455,0.213,0,0.85,0.0,0,29627,61.2,B
115,west,schule,114.5,1987,2003.0,2,2,dreifach,gas,21.5,3039,,1,0.74,0.0,1,10166,88.77,B
116,nord,einfamilienhaus,84.5,1959,1968.0,2,2,dreifach,gas,20.0,3615,0.124,1,0.92,0.0,0,7590,89.82,B
117,sued,einfamilienhaus,199.3,2015,,5,4,zweifach,gas,20.4,3467,0.191,0,0.8,5.03,0,15784,79.2,B
118,west,mehrfamilienhaus,121.7,1981,2003.0,4,2,zweifach,fernwaerme,20.4,2928,0.207,0,0.9,4.34,0,10022,82.33,B
119,west,einfamilienhaus,60.4,1995,,1,2,zweifach,gas,20.0,3676,0.253,0,0.96,5.99,1,5795,95.87,B
120,nord,mehrfamilienhaus,103.2,1998,2014.0,1,1,dreifach,waermepumpe,21.0,3824,0.13,0,3.49,0.0,1,7087,68.65,B
121,nord,einfamilienhaus,433.0,1973,1998.0,6,1,dreifach,waermepumpe,21.0,3437,0.207,0,4.0,0.0,0,37787,87.27,B
122,ost,mehrfamilienhaus,113.2,2005,,3,1,zweifach,gas,19.1,2945,0.163,1,0.91,0.0,0,11335,100.15,C
123,ost,einfamilienhaus,73.0,1987,,1,2,dreifach,fernwaerme,21.8,3183,0.19,0,0.92,0.0,0,6401,87.69,B
124,nord,mehrfamilienhaus,420.1,1977,,7,2,alt,gas,18.3,3264,0.126,0,0.82,0.0,0,53682,127.8,C
125,sued,buero,101.5,1972,,2,1,zweifach,gas,20.2,2673,0.179,0,0.76,0.0,0,7858,77.43,B
126,sued,einfamilienhaus,554.7,2005,2005.0,8,2,alt,fernwaerme,21.9,3136,0.196,0,0.97,0.0,0,73876,133.19,C
127,nord,einfamilienhaus,145.0,1968,,3,2,zweifach,gas,21.2,2992,0.131,0,0.92,0.0,1,14483,99.88,B
128,sued,mehrfamilienhaus,360.6,1959,1994.0,8,1,zweifach,waermepumpe,20.1,2832,0.252,0,2.97,10.01,0,27562,76.44,B
129,nord,mehrfamilienhaus,153.7,2016,2016.0,2,3,dreifach,fernwaerme,22.9,3236,,0,0.86,0.0,1,6967,45.32,A
130,ost,einfamilienhaus,210.2,1974,2005.0,3,2,zweifach,gas,20.0,2622,0.207,0,0.91,0.0,1,23412,111.36,C
131,west,einfamilienhaus,162.1,1998,2025.0,4,1,alt,pellet,18.1,3330,0.059,0,0.96,6.1,0,24926,153.82,C
132,west,buero,154.3,2003,2006.0,3,3,dreifach,fernwaerme,21.0,3020,0.167,0,0.94,0.0,1,13115,85.01,B
133,nord,mehrfamilienhaus,191.9,2012,,5,2,dreifach,gas,18.4,3805,0.204,0,0.87,0.0,1,18322,95.47,B
134,west,mehrfamilienhaus,213.7,1996,,4,2,dreifach,fernwaerme,19.5,3014,0.216,1,0.93,0.0,0,16576,77.57,B
135,west,einfamilienhaus,185.3,2003,2025.0,3,2,dreifach,pellet,21.2,2958,0.175,1,0.87,0.0,0,16701,90.12,B
136,sued,schule,176.8,2012,2025.0,1,3,dreifach,oel,20.3,2633,0.168,0,0.86,5.45,1,10669,60.34,B
137,west,einfamilienhaus,122.2,2020,2025.0,1,2,dreifach,oel,21.2,3114,,0,0.76,0.0,0,10784,88.26,B
138,nord,einfamilienhaus,164.9,1953,,1,1,alt,oel,19.1,3366,0.228,0,0.83,0.0,1,25738,156.13,C
139,nord,mehrfamilienhaus,339.3,2005,2025.0,6,2,dreifach,gas,21.5,3610,0.249,1,0.94,0.0,1,34576,101.91,C
140,west,einfamilienhaus,119.7,1963,1986.0,1,1,zweifach,gas,18.5,3123,0.115,0,0.84,0.7,0,15798,131.96,C
141,sued,mehrfamilienhaus,194.5,2016,2025.0,5,2,zweifach,fernwaerme,22.1,3683,0.17,0,0.91,0.0,0,16686,85.81,B
142,ost,einfamilienhaus,290.7,1953,,5,1,zweifach,waermepumpe,19.9,3260,0.07,0,2.26,0.0,1,34747,119.51,C
143,nord,einfamilienhaus,214.5,1968,,3,1,zweifach,waermepumpe,22.3,3005,0.112,0,3.13,0.0,0,19229,89.64,B
144,nord,mehrfamilienhaus,260.4,1964,1966.0,3,1,zweifach,gas,19.5,2975,0.145,0,0.94,9.21,0,22814,87.61,B
145,nord,einfamilienhaus,100.8,1995,2025.0,2,2,zweifach,oel,22.8,3537,0.223,0,0.86,6.93,0,9474,94.0,B
146,nord,mehrfamilienhaus,194.7,1950,,2,1,zweifach,gas,19.4,2994,0.156,0,0.89,0.0,1,19481,100.07,C
147,west,mehrfamilienhaus,150.4,1951,,1,2,alt,gas,18.3,3308,0.166,1,0.91,0.0,1,15347,102.06,C
148,ost,einfamilienhaus,153.3,1987,1991.0,4,3,dreifach,waermepumpe,20.6,3413,0.195,0,3.45,0.0,0,9453,61.68,B
149,west,mehrfamilienhaus,325.8,2022,2025.0,6,3,zweifach,gas,22.0,3422,0.146,0,0.95,5.83,1,19155,58.79,B
150,nord,buero,154.4,1989,1998.0,2,1,alt,waermepumpe,21.4,3046,0.08,0,3.7,0.0,1,13825,89.56,B
151,ost,buero,197.5,1983,2003.0,4,2,alt,oel,21.9,3423,0.143,0,0.76,0.0,0,26303,133.15,C
152,west,einfamilienhaus,73.0,1999,,1,3,alt,waermepumpe,21.5,3213,0.174,0,3.08,10.89,1,6126,83.88,B
153,nord,mehrfamilienhaus,360.4,1991,,6,3,zweifach,waermepumpe,19.5,3137,0.203,0,3.84,5.03,0,28327,78.6,B
154,ost,schule,253.5,1978,1984.0,3,2,zweifach,waermepumpe,21.8,3044,0.17,0,2.37,0.0,0,22593,89.13,B
155,west,mehrfamilienhaus,167.6,1994,2019.0,5,1,zweifach,waermepumpe,20.6,3265,0.203,0,2.73,0.0,0,10184,60.75,B
156,nord,einfamilienhaus,147.4,1950,,2,1,dreifach,waermepumpe,19.6,3115,0.226,0,3.46,2.74,0,9993,67.81,B
157,nord,einfamilienhaus,224.4,1968,1993.0,6,3,dreifach,fernwaerme,20.7,3456,0.236,0,0.96,0.0,1,17756,79.11,B
158,west,mehrfamilienhaus,289.1,2000,,5,1,dreifach,gas,20.4,3606,0.189,0,0.85,0.0,0,31649,109.47,C
159,ost,buero,362.7,1975,,7,1,dreifach,gas,22.2,3437,0.123,0,0.86,0.0,1,34304,94.57,B
160,sued,schule,249.6,1954,1987.0,5,2,alt,waermepumpe,20.3,2979,0.118,0,3.54,0.0,0,21994,88.11,B
161,nord,schule,177.9,1959,,4,1,dreifach,gas,20.2,3432,0.122,1,0.9,0.0,0,22616,127.13,C
162,nord,einfamilienhaus,267.3,2014,,3,2,alt,pellet,19.7,3162,0.126,0,0.87,7.84,1,28849,107.91,C
163,ost,mehrfamilienhaus,244.8,1974,1987.0,5,3,dreifach,gas,22.8,2922,0.185,0,0.85,12.41,1,10932,44.66,A
164,sued,einfamilienhaus,178.2,1951,1968.0,5,1,zweifach,waermepumpe,19.7,2412,0.274,1,3.54,5.53,0,14510,81.42,B
165,ost,einfamilienhaus,241.5,2004,2025.0,4,2,dreifach,gas,22.1,3188,0.191,0,0.9,0.0,0,19074,78.99,B
166,west,einfamilienhaus,239.4,1989,2022.0,4,1,zweifach,pellet,19.3,3339,0.176,0,0.93,0.0,0,24409,101.96,C
167,west,schule,167.2,1983,,2,3,zweifach,gas,21.5,3075,0.228,0,0.87,3.67,1,14483,86.62,B
168,sued,einfamilienhaus,134.9,2017,2025.0,2,3,alt,gas,20.8,2643,0.139,0,0.81,0.0,0,9779,72.49,B
169,ost,mehrfamilienhaus,229.9,1973,,6,2,zweifach,waermepumpe,22.0,3123,0.232,0,3.28,0.0,0,16046,69.8,B
170,sued,einfamilienhaus,105.8,1992,,1,3,zweifach,gas,21.8,3420,0.228,0,0.92,0.0,1,9638,91.13,B
171,sued,einfamilienhaus,95.6,2005,2025.0,1,2,alt,gas,20.6,3264,0.183,0,0.93,6.51,1,7493,78.38,B
172,nord,mehrfamilienhaus,199.0,1995,,5,2,zweifach,waermepumpe,19.9,3340,0.285,1,3.28,0.0,0,18372,92.33,B
173,west,einfamilienhaus,227.0,1965,1990.0,5,2,zweifach,waermepumpe,22.4,3817,0.236,0,3.46,0.0,1,18434,81.2,B
174,sued,einfamilienhaus,198.3,2001,2014.0,6,3,zweifach,gas,19.7,3895,0.182,1,0.86,7.26,0,17924,90.39,B
175,west,einfamilienhaus,208.3,2005,2020.0,3,1,dreifach,fernwaerme,17.8,2932,0.173,0,0.88,7.01,1,19283,92.58,B
176,west,buero,225.2,1959,,4,2,zweifach,gas,18.3,3014,0.158,1,0.88,7.92,0,22938,101.83,C
177,nord,mehrfamilienhaus,326.4,1962,,5,1,zweifach,gas,18.6,3593,0.173,1,0.84,0.0,1,38938,119.3,C
178,ost,buero,251.6,2000,2025.0,4,2,dreifach,fernwaerme,,2780,0.175,1,0.98,7.68,1,10234,40.68,A
179,sued,einfamilienhaus,248.1,1958,1973.0,2,1,zweifach,gas,23.2,3247,0.164,1,0.85,10.46,1,24771,99.84,B
180,sued,einfamilienhaus,192.0,2016,2021.0,4,2,dreifach,oel,18.1,2986,0.169,1,0.94,0.0,0,16239,84.59,B
181,west,einfamilienhaus,195.3,1958,1959.0,4,1,zweifach,gas,19.6,3230,0.12,1,0.9,0.0,1,23394,119.81,C
182,nord,halle,161.0,2023,,3,2,dreifach,waermepumpe,18.6,3149,0.152,0,3.4,,0,15348,95.33,B
183,sued,einfamilienhaus,205.5,2000,,3,2,dreifach,fernwaerme,22.4,2674,0.1,1,0.97,0.0,0,19894,96.83,B
184,west,einfamilienhaus,103.4,1983,2006.0,1,2,zweifach,gas,19.6,2405,0.201,0,0.89,0.0,0,9079,87.77,B
185,west,schule,327.1,1970,2006.0,6,1,zweifach,pellet,21.6,3620,0.184,1,0.94,0.0,1,38256,116.96,C
186,nord,schule,116.3,1975,,1,3,zweifach,waermepumpe,20.6,3680,,1,3.54,0.0,0,11309,97.26,B
187,west,einfamilienhaus,251.4,2006,2025.0,5,3,zweifach,gas,23.6,3336,0.224,0,0.8,0.0,1,19324,76.87,B
188,nord,buero,307.6,2006,2025.0,8,3,zweifach,pellet,20.7,3472,0.137,0,0.89,0.0,1,16165,52.55,B
189,sued,einfamilienhaus,251.1,1965,1990.0,6,1,dreifach,gas,20.9,2144,0.144,0,0.97,0.0,1,15875,63.22,B
190,nord,mehrfamilienhaus,452.0,1990,,6,2,zweifach,gas,20.6,3087,0.106,0,0.95,0.0,1,29468,65.2,B
191,sued,mehrfamilienhaus,64.7,2024,2025.0,1,4,zweifach,oel,20.0,2860,0.231,0,0.75,0.0,1,3664,56.6,B
192,nord,halle,138.9,1969,1977.0,3,1,zweifach,gas,19.6,2972,0.21,0,0.92,0.0,0,16864,121.41,C
193,nord,einfamilienhaus,305.2,2002,2014.0,5,2,dreifach,waermepumpe,19.1,2757,0.246,0,2.63,0.0,1,14288,46.82,A
194,ost,buero,93.9,1962,,1,2,zweifach,fernwaerme,18.1,2758,0.259,0,1.03,0.0,0,6977,74.27,B
195,west,einfamilienhaus,117.9,2012,2023.0,2,2,dreifach,waermepumpe,20.3,3117,0.159,1,2.71,5.23,1,5047,42.8,A
196,sued,mehrfamilienhaus,218.7,1962,1990.0,4,2,dreifach,gas,21.5,2967,0.144,0,0.93,0.0,1,15914,72.75,B
197,sued,mehrfamilienhaus,176.9,1972,2009.0,5,2,zweifach,gas,19.8,3268,0.09,0,0.92,11.64,0,13401,75.75,B
198,sued,buero,212.5,1984,,3,3,zweifach,gas,20.7,3672,0.125,0,0.85,0.0,0,22561,106.15,C
199,ost,schule,183.9,1977,,4,2,zweifach,gas,19.4,3340,0.164,0,0.86,0.0,0,21488,116.87,C
200,nord,buero,191.7,1962,1995.0,2,2,dreifach,pellet,21.8,3289,0.077,0,0.95,10.88,1,17549,91.57,B
201,nord,mehrfamilienhaus,123.2,1998,,1,2,zweifach,waermepumpe,21.3,3980,0.126,1,2.63,7.99,1,8659,70.29,B
202,ost,einfamilienhaus,188.8,1951,,4,1,zweifach,waermepumpe,20.5,2546,0.176,0,3.7,0.0,0,20564,108.89,C
203,west,halle,143.2,2023,2025.0,4,4,alt,waermepumpe,18.7,2372,0.225,1,3.14,0.0,1,9201,64.23,B
204,nord,einfamilienhaus,152.3,1953,,1,1,dreifach,gas,18.8,3040,0.144,0,0.91,,0,13605,89.36,B
205,sued,einfamilienhaus,249.8,1975,1992.0,4,1,zweifach,gas,18.9,3234,0.186,0,0.81,0.0,1,37927,151.84,C
206,west,mehrfamilienhaus,91.9,2019,2025.0,1,3,alt,oel,20.4,3159,0.273,0,0.8,0.0,1,6147,66.92,B
207,west,einfamilienhaus,55.4,1961,1977.0,1,2,zweifach,waermepumpe,21.1,2705,0.09,0,2.62,0.0,0,3712,67.0,B
208,ost,mehrfamilienhaus,241.3,1955,,5,1,zweifach,gas,21.2,2846,0.234,0,0.86,0.0,1,18480,76.57,B
209,west,einfamilienhaus,188.9,2005,2025.0,3,3,zweifach,gas,20.1,2665,0.199,0,,0.0,0,9655,51.1,B
210,sued,einfamilienhaus,307.5,1955,1972.0,5,1,alt,waermepumpe,21.4,2515,0.243,1,3.92,0.0,0,22354,72.71,B
211,sued,schule,119.3,2017,2025.0,1,2,zweifach,gas,22.6,3493,0.228,0,0.88,0.0,1,12506,104.8,C
212,west,schule,164.8,1983,,2,1,dreifach,fernwaerme,20.8,3050,0.147,1,1.02,7.27,0,11837,71.83,B
213,nord,mehrfamilienhaus,180.0,2015,,5,3,dreifach,gas,20.9,3969,0.18,0,0.79,0.0,0,14109,78.38,B
214,west,halle,130.0,1968,1997.0,2,1,dreifach,fernwaerme,18.3,2788,0.107,0,0.97,7.01,0,13061,100.46,C
215,sued,einfamilienhaus,112.6,1960,,1,1,zweifach,oel,20.3,3122,0.154,0,0.79,0.0,1,14249,126.6,C
216,west,einfamilienhaus,247.0,2022,2025.0,4,3,zweifach,waermepumpe,20.7,3179,0.181,1,3.54,0.0,1,18086,73.21,B
217,west,schule,88.0,2007,,1,3,dreifach,waermepumpe,22.9,3408,0.195,1,3.2,0.0,1,6957,79.06,B
218,sued,mehrfamilienhaus,104.4,2018,,1,3,zweifach,gas,21.6,3039,0.219,0,0.87,5.4,1,9242,88.56,B
219,nord,buero,162.3,1973,1981.0,4,2,dreifach,waermepumpe,21.5,3695,0.259,0,3.97,0.0,1,9834,60.61,B
220,ost,einfamilienhaus,260.5,1980,2013.0,4,2,zweifach,waermepumpe,20.0,3294,0.158,0,3.46,0.0,1,23771,91.25,B
221,west,einfamilienhaus,133.9,1993,2000.0,5,2,dreifach,waermepumpe,19.4,2718,0.237,0,2.89,0.0,1,8716,65.11,B
222,sued,einfamilienhaus,126.3,1983,2022.0,2,1,dreifach,pellet,21.0,3206,0.193,0,0.9,0.0,0,10434,82.63,B
223,west,halle,157.9,1968,1996.0,3,2,dreifach,waermepumpe,20.0,3064,0.115,0,2.98,3.36,1,9067,57.43,B
224,ost,einfamilienhaus,203.5,1978,1990.0,4,2,dreifach,gas,22.6,2828,0.172,0,0.87,0.0,0,15136,74.38,B
225,sued,mehrfamilienhaus,146.8,1995,,1,3,zweifach,oel,17.6,3193,0.186,1,0.79,0.0,0,12191,83.06,B
226,west,einfamilienhaus,276.2,1952,,5,1,zweifach,gas,23.4,3423,0.138,1,0.87,0.0,0,38337,138.81,C
227,west,mehrfamilienhaus,281.7,1975,,5,1,zweifach,fernwaerme,21.0,2931,0.128,0,0.88,0.0,0,22539,80.01,B
228,ost,einfamilienhaus,162.3,1971,2003.0,4,2,dreifach,pellet,21.6,2977,0.126,0,0.83,0.0,1,8571,52.82,B
229,nord,buero,392.8,1955,,8,1,zweifach,fernwaerme,18.4,2865,0.153,0,0.95,11.16,0,40697,103.61,C
230,west,mehrfamilienhaus,178.1,1959,1961.0,2,1,zweifach,gas,20.2,2468,0.137,0,0.92,4.37,1,11979,67.25,B
231,west,einfamilienhaus,277.2,1987,2014.0,6,2,zweifach,pellet,21.5,3015,0.242,0,0.92,6.13,0,25163,90.77,B
232,ost,einfamilienhaus,200.9,1957,1970.0,3,1,zweifach,waermepumpe,19.1,3377,0.057,0,2.67,0.0,1,22088,109.96,C
233,sued,einfamilienhaus,199.1,1975,2011.0,2,2,dreifach,gas,17.0,2749,0.186,0,0.96,0.0,0,15579,78.23,B
234,nord,mehrfamilienhaus,79.3,1992,2000.0,2,1,dreifach,waermepumpe,20.9,3850,0.206,0,2.95,0.0,1,5924,74.66,B
235,ost,buero,100.4,2015,2016.0,1,2,zweifach,gas,20.4,3028,0.132,0,0.85,0.0,0,8090,80.55,B
236,nord,einfamilienhaus,150.3,1957,,4,1,zweifach,fernwaerme,22.2,3280,0.168,0,0.93,0.0,1,18405,122.47,C
237,nord,mehrfamilienhaus,280.7,1982,2004.0,5,3,dreifach,oel,20.3,3249,0.163,0,0.85,0.0,1,17744,63.22,B
238,west,einfamilienhaus,202.2,1957,,4,2,dreifach,pellet,20.4,3444,0.176,0,0.94,0.0,1,20315,100.47,C
239,ost,buero,150.9,1982,1992.0,4,1,alt,gas,21.3,2764,0.213,0,0.89,0.0,1,15829,104.88,C
240,west,halle,228.1,1986,2005.0,5,3,dreifach,gas,19.7,3055,0.209,0,0.86,0.0,0,20318,89.09,B
241,sued,buero,275.8,2009,,6,3,alt,waermepumpe,19.6,2758,0.15,0,2.76,0.0,0,16701,60.56,B
242,nord,einfamilienhaus,173.0,1983,,5,1,alt,waermepumpe,21.6,3153,0.105,0,2.49,0.0,0,20823,120.36,C
243,ost,einfamilienhaus,191.1,2020,2025.0,4,1,alt,gas,19.9,3112,0.188,0,0.93,0.0,0,23686,123.93,C
244,nord,halle,180.0,1960,1973.0,3,1,dreifach,gas,18.5,3310,0.147,1,0.87,0.0,0,20953,116.43,C
245,sued,einfamilienhaus,168.0,1953,,4,2,dreifach,pellet,21.3,3318,0.154,0,0.94,0.0,1,16754,99.73,B
246,west,mehrfamilienhaus,118.8,1950,,2,2,dreifach,waermepumpe,21.5,3096,0.191,1,3.59,0.0,1,6058,51.01,B
247,west,schule,114.6,1976,2013.0,2,1,zweifach,gas,21.3,3294,0.158,0,,0.0,1,13022,113.62,C
248,west,buero,227.4,1964,1998.0,6,2,zweifach,gas,19.2,3160,0.195,0,0.9,0.0,1,24381,107.22,C
249,west,mehrfamilienhaus,278.3,1956,1962.0,7,1,alt,oel,18.3,3591,0.306,1,0.74,0.0,0,42365,152.24,C
250,west,mehrfamilienhaus,150.8,1967,,3,1,dreifach,waermepumpe,20.3,2994,0.214,1,3.5,6.46,0,10844,71.92,B
251,sued,schule,149.2,2023,2025.0,2,3,zweifach,fernwaerme,22.1,2845,0.247,0,1.0,0.0,1,11277,75.59,B
252,sued,einfamilienhaus,70.4,2010,2025.0,3,3,zweifach,waermepumpe,21.0,3211,0.206,0,2.56,6.18,0,3507,49.82,A
253,ost,schule,65.1,1951,1974.0,2,2,zweifach,gas,21.2,2989,0.184,0,0.85,4.9,0,6966,106.95,C
254,nord,einfamilienhaus,312.0,2018,2025.0,6,3,zweifach,waermepumpe,20.5,3524,0.206,1,3.27,4.79,1,25297,81.08,B
255,sued,buero,122.3,1965,2004.0,2,1,dreifach,gas,20.9,3768,0.204,0,0.88,0.0,0,11264,92.1,B
256,sued,schule,467.5,1980,1984.0,8,2,dreifach,waermepumpe,19.7,2607,0.223,0,3.47,0.0,0,28400,60.75,B
257,nord,mehrfamilienhaus,132.2,1974,,2,2,dreifach,gas,21.4,3886,0.183,0,0.91,0.0,0,11170,84.48,B
258,west,einfamilienhaus,80.5,1980,,1,1,zweifach,gas,21.5,2928,0.115,1,0.9,0.0,1,8913,110.74,C
259,nord,einfamilienhaus,180.6,2007,2025.0,3,1,zweifach,gas,20.1,3818,0.107,0,0.85,0.0,0,16914,93.65,B
260,sued,buero,245.7,2003,,4,3,zweifach,gas,21.0,3190,0.203,0,0.83,0.0,1,18796,76.51,B
261,west,mehrfamilienhaus,233.0,1994,2003.0,3,2,zweifach,oel,18.4,3310,0.124,1,0.78,0.0,0,22868,98.15,B
262,ost,einfamilienhaus,257.2,1997,2006.0,5,1,dreifach,fernwaerme,20.7,3047,0.214,1,0.91,,1,18521,72.02,B
263,west,buero,108.1,2004,2016.0,3,2,zweifach,waermepumpe,20.3,3012,0.247,0,3.23,5.16,1,5590,51.72,B
264,west,schule,308.5,1963,,6,2,alt,fernwaerme,22.4,2847,0.169,0,0.91,0.0,0,35539,115.21,C
265,sued,buero,317.1,1979,,5,2,dreifach,fernwaerme,20.3,2952,0.241,0,,,1,22664,71.48,B
266,west,mehrfamilienhaus,323.7,1958,1984.0,6,1,zweifach,gas,21.5,3036,0.193,0,0.9,4.01,0,30966,95.68,B
267,sued,halle,194.2,2002,2025.0,3,3,zweifach,waermepumpe,18.0,3017,0.181,1,2.33,0.0,0,11156,57.45,B
268,sued,buero,145.4,1982,,1,2,zweifach,gas,17.8,2456,0.184,0,0.89,0.0,0,11629,79.95,B
269,sued,einfamilienhaus,139.5,1997,2025.0,3,2,zweifach,gas,20.2,2958,0.138,0,0.83,0.0,0,10016,71.79,B
270,ost,halle,80.3,1992,,2,2,alt,gas,18.7,3542,0.132,1,0.97,0.0,1,13250,165.02,C
271,ost,mehrfamilienhaus,133.6,1970,,5,2,dreifach,gas,20.7,3430,0.098,0,0.86,4.38,1,13648,102.18,C
272,nord,schule,53.9,1960,1975.0,3,1,dreifach,fernwaerme,21.1,3358,0.143,1,0.96,7.23,1,4154,77.06,B
273,ost,buero,75.6,2022,2025.0,2,3,dreifach,gas,19.9,3997,0.287,0,0.89,0.0,0,4737,62.64,B
274,west,mehrfamilienhaus,193.3,1971,1990.0,4,1,alt,gas,20.1,2898,0.105,0,0.8,0.0,1,24303,125.75,C
275,west,einfamilienhaus,153.2,1958,1987.0,3,1,alt,waermepumpe,19.1,3070,0.121,0,3.39,0.0,1,18321,119.62,C
276,west,einfamilienhaus,189.4,1972,2000.0,2,1,zweifach,gas,18.1,2592,0.14,0,0.86,5.82,0,23232,122.65,C
277,nord,einfamilienhaus,236.9,2017,,2,2,zweifach,fernwaerme,20.4,3209,0.142,1,,0.0,1,29466,124.37,C
278,sued,mehrfamilienhaus,205.6,1969,1972.0,2,2,zweifach,gas,19.6,3576,0.193,0,0.93,0.0,1,15419,74.99,B
279,sued,buero,197.6,2024,,3,3,zweifach,waermepumpe,21.8,2822,0.149,0,3.59,2.52,1,14953,75.68,B
280,nord,einfamilienhaus,165.6,1984,2017.0,1,2,dreifach,waermepumpe,17.9,2815,0.17,0,2.39,0.0,1,9643,58.21,B
281,sued,einfamilienhaus,120.3,2014,2025.0,1,1,zweifach,gas,20.8,3255,0.138,0,0.92,0.0,0,13193,109.69,C
282,ost,mehrfamilienhaus,94.3,1998,2003.0,1,2,dreifach,waermepumpe,23.0,3236,0.156,1,3.77,5.06,1,6111,64.83,B
283,west,einfamilienhaus,135.2,1953,,2,1,zweifach,oel,20.3,3391,0.177,0,0.8,0.0,1,18817,139.19,C
284,ost,einfamilienhaus,166.9,1988,1998.0,2,2,dreifach,gas,20.5,2996,0.173,0,0.91,0.0,1,16024,96.0,B
285,west,einfamilienhaus,176.6,1981,2020.0,3,1,zweifach,waermepumpe,21.0,2748,0.279,0,3.18,0.0,0,12453,70.5,B
286,west,mehrfamilienhaus,257.4,1965,2004.0,6,1,zweifach,waermepumpe,21.1,3036,0.179,0,3.04,0.0,0,18715,72.7,B
287,sued,mehrfamilienhaus,160.1,1991,2016.0,3,2,alt,gas,20.0,3144,0.17,0,0.89,5.36,0,17313,108.14,C
288,nord,buero,221.1,1957,1964.0,3,2,zweifach,gas,19.3,3325,0.055,1,0.95,0.0,0,20362,92.1,B
289,ost,einfamilienhaus,85.1,2002,2025.0,1,2,dreifach,gas,,3236,0.192,1,0.82,9.17,1,7522,88.34,B
290,west,einfamilienhaus,194.5,2011,2015.0,3,1,alt,fernwaerme,18.2,2912,0.081,1,0.95,,1,20545,105.61,C
291,nord,buero,188.2,1956,1969.0,2,1,zweifach,pellet,21.5,3499,0.208,0,0.92,2.86,1,19347,102.77,C
292,nord,halle,308.5,1985,2010.0,4,1,zweifach,oel,18.0,3349,0.187,0,0.83,0.0,0,43576,141.25,C
293,west,einfamilienhaus,153.2,1999,2001.0,4,3,zweifach,pellet,20.5,2853,0.22,1,0.89,0.0,1,9812,64.04,B
294,west,buero,150.2,1954,1969.0,2,1,zweifach,gas,19.9,3149,0.148,0,0.88,4.24,0,12939,86.12,B
295,sued,buero,237.7,1979,2010.0,3,1,alt,waermepumpe,22.2,2815,0.181,1,3.45,0.0,0,23945,100.74,C
296,nord,schule,97.5,1969,1972.0,2,2,dreifach,pellet,21.2,3566,0.214,0,0.92,0.0,0,7032,72.11,B
297,sued,einfamilienhaus,192.2,1952,1966.0,3,1,zweifach,waermepumpe,20.1,3256,0.134,1,3.82,6.29,1,23866,124.18,C
298,west,einfamilienhaus,95.3,2010,2010.0,1,3,dreifach,gas,20.1,3276,0.211,1,0.94,0.0,1,6902,72.41,B
299,ost,einfamilienhaus,373.8,1983,2009.0,6,1,alt,gas,20.3,2528,0.208,0,0.81,0.0,1,39037,104.44,C
300,nord,buero,141.2,2006,2009.0,3,1,zweifach,gas,23.4,3012,0.173,1,0.8,0.0,0,14242,100.88,C
301,nord,buero,92.6,1994,2005.0,2,3,zweifach,fernwaerme,18.9,3127,0.259,0,0.89,0.0,0,4371,47.23,A
302,sued,einfamilienhaus,134.7,2015,2025.0,5,3,alt,pellet,21.8,2671,0.206,0,0.88,11.58,1,9461,70.22,B
303,ost,einfamilienhaus,192.7,2024,,5,3,dreifach,gas,21.2,2910,0.096,0,0.95,2.49,1,13600,70.56,B
304,west,einfamilienhaus,217.9,1995,,5,1,zweifach,gas,22.3,3424,0.229,1,0.81,0.0,1,23582,108.23,C
305,ost,mehrfamilienhaus,300.9,1976,,8,2,dreifach,gas,21.3,3345,0.147,0,0.87,0.0,0,23536,78.23,B
306,nord,schule,127.4,1981,2012.0,3,1,zweifach,fernwaerme,20.9,3202,0.22,0,0.96,0.0,0,16123,126.59,C
307,west,einfamilienhaus,242.7,2011,2014.0,4,3,dreifach,fernwaerme,21.7,3307,0.195,0,0.87,0.0,1,17981,74.08,B
308,west,mehrfamilienhaus,75.7,1981,2015.0,2,3,dreifach,gas,20.8,3215,0.05,1,0.94,,0,4709,62.25,B
309,sued,mehrfamilienhaus,104.7,1988,,1,2,zweifach,waermepumpe,21.4,2938,0.21,1,3.37,7.46,0,5529,52.82,B
310,west,buero,86.2,1964,1969.0,2,1,dreifach,gas,22.2,3502,0.169,1,0.98,0.0,1,6845,79.42,B
311,nord,buero,117.2,2024,2025.0,1,1,zweifach,fernwaerme,20.6,3119,,0,0.98,13.32,1,8603,73.42,B
312,ost,einfamilienhaus,237.6,1998,2011.0,4,1,dreifach,oel,20.0,3118,0.159,0,0.8,0.0,1,17406,73.25,B
313,nord,mehrfamilienhaus,128.8,1974,,1,3,dreifach,gas,19.7,2982,0.219,0,0.78,6.43,0,5724,44.45,A
314,sued,buero,140.0,1993,,2,1,zweifach,fernwaerme,21.0,2599,0.134,1,0.94,7.36,1,9519,67.97,B
315,west,schule,195.1,1980,,4,2,zweifach,waermepumpe,19.8,2624,0.236,1,3.02,6.66,0,9994,51.21,B
316,west,mehrfamilienhaus,213.7,1961,1972.0,3,2,zweifach,oel,20.1,2755,0.104,0,0.78,0.0,1,20909,97.86,B
317,nord,einfamilienhaus,142.0,2015,2025.0,1,4,dreifach,waermepumpe,19.3,3379,0.195,0,3.24,0.0,1,7045,49.61,A
318,ost,mehrfamilienhaus,104.4,2016,,1,3,dreifach,fernwaerme,21.1,2994,0.219,0,0.95,0.0,0,5444,52.17,B
319,west,mehrfamilienhaus,344.3,2012,,4,2,zweifach,gas,19.6,3006,0.217,0,0.92,0.0,0,33981,98.68,B
320,sued,einfamilienhaus,142.4,1977,,1,2,alt,pellet,19.0,2845,,0,0.87,7.12,0,11939,83.81,B
321,ost,halle,149.1,1969,1989.0,3,1,dreifach,pellet,17.2,3720,0.17,0,0.86,0.0,0,15909,106.73,C
322,ost,einfamilienhaus,157.8,1953,,3,1,zweifach,gas,19.8,2702,0.153,0,0.94,0.0,0,18729,118.67,C
323,ost,schule,224.1,2004,,5,3,zweifach,pellet,20.3,2665,0.119,0,0.9,0.0,1,24591,109.72,C
324,ost,einfamilienhaus,83.2,1974,,2,2,dreifach,waermepumpe,20.8,2804,0.146,0,3.64,0.0,0,6130,73.68,B
325,ost,einfamilienhaus,408.2,2016,2025.0,8,4,zweifach,gas,20.3,3075,0.132,0,,0.0,0,32948,80.72,B
326,sued,mehrfamilienhaus,147.2,2015,2025.0,3,3,alt,fernwaerme,20.9,3130,0.124,1,0.94,0.0,1,10655,72.41,B
327,ost,mehrfamilienhaus,227.7,1959,1960.0,4,2,dreifach,gas,21.0,3317,0.27,0,0.85,0.0,1,16867,74.08,B
328,sued,buero,93.0,2018,,3,2,zweifach,fernwaerme,21.4,3281,0.094,0,0.84,0.0,0,8961,96.31,B
329,nord,mehrfamilienhaus,186.1,1960,1967.0,4,2,zweifach,pellet,18.2,3312,,1,0.96,0.0,0,20780,111.67,C
330,nord,einfamilienhaus,377.6,1986,1998.0,7,1,zweifach,gas,19.1,3211,0.118,0,0.98,0.0,0,49968,132.33,C
331,ost,schule,352.1,1985,2002.0,7,2,dreifach,fernwaerme,21.6,3672,0.129,1,0.85,8.74,0,38569,109.53,C
332,west,mehrfamilienhaus,224.9,2021,,1,3,zweifach,gas,20.8,2126,0.128,1,0.91,10.19,0,9442,41.99,A
333,west,einfamilienhaus,113.6,1999,2025.0,2,2,alt,fernwaerme,21.7,3122,0.124,1,0.92,0.0,1,12307,108.31,C
334,nord,schule,293.3,2015,2025.0,5,4,dreifach,waermepumpe,19.0,3501,0.226,0,3.04,0.0,0,14518,49.5,A
335,sued,einfamilienhaus,75.4,1994,2000.0,3,3,alt,gas,19.9,3606,0.209,0,0.85,10.65,0,7835,103.89,C
336,sued,einfamilienhaus,111.8,2011,2023.0,4,3,zweifach,fernwaerme,20.1,2369,0.168,0,0.89,0.0,1,8077,72.27,B
337,sued,mehrfamilienhaus,166.1,2013,2025.0,1,3,zweifach,gas,20.7,2803,0.315,0,0.91,0.0,0,9538,57.43,B
338,sued,mehrfamilienhaus,78.3,2014,2025.0,3,4,dreifach,waermepumpe,20.5,2475,0.179,0,2.49,6.39,1,1993,25.44,A
339,west,mehrfamilienhaus,134.6,1980,,1,1,zweifach,waermepumpe,21.1,2471,0.183,0,3.68,0.0,1,9692,72.0,B
340,nord,schule,245.0,1978,,3,3,zweifach,waermepumpe,20.8,3278,0.146,0,3.21,0.0,1,18826,76.83,B
341,sued,einfamilienhaus,122.6,2023,2024.0,2,2,alt,gas,22.1,3242,0.14,0,0.94,0.0,0,13488,109.98,C
342,sued,halle,250.5,2006,,4,2,dreifach,fernwaerme,20.5,3372,0.153,0,0.93,0.0,0,26465,105.67,C
343,sued,einfamilienhaus,461.1,2018,2025.0,6,3,alt,fernwaerme,19.2,2764,0.223,0,0.88,0.0,0,48335,104.82,C
344,nord,einfamilienhaus,205.9,1993,,4,3,zweifach,waermepumpe,,3583,0.209,0,2.77,0.0,1,18648,90.59,B
345,sued,einfamilienhaus,248.4,2019,,5,2,dreifach,fernwaerme,21.5,2881,0.245,0,0.9,0.0,0,21478,86.46,B
346,nord,einfamilienhaus,298.1,2003,,6,2,zweifach,waermepumpe,21.2,3545,0.144,0,2.6,0.0,0,26745,89.73,B
347,sued,einfamilienhaus,140.4,2005,2006.0,2,2,zweifach,gas,20.0,3354,0.209,0,0.84,5.25,1,13287,94.64,B
348,sued,buero,245.7,1963,1982.0,4,1,zweifach,gas,20.8,2882,0.195,0,0.98,0.0,0,26596,108.26,C
349,ost,buero,138.8,1992,2021.0,2,3,alt,pellet,18.6,3477,0.202,0,0.95,0.0,1,12428,89.52,B
350,west,mehrfamilienhaus,199.2,2004,,5,4,zweifach,gas,20.5,2675,0.137,1,0.9,0.0,1,13695,68.76,B
351,west,einfamilienhaus,263.1,2007,2013.0,1,3,dreifach,waermepumpe,18.7,3330,0.128,0,3.46,7.73,0,12976,49.31,A
352,sued,buero,116.0,2021,2025.0,1,2,alt,fernwaerme,21.1,3312,0.207,0,0.98,0.0,0,13990,120.58,C
353,west,einfamilienhaus,55.8,1974,1989.0,1,1,dreifach,waermepumpe,19.2,3426,0.224,1,2.69,4.12,1,4344,77.92,B
354,west,mehrfamilienhaus,111.1,1972,2000.0,1,1,zweifach,fernwaerme,20.7,2685,0.149,1,0.85,0.0,0,9447,85.06,B
355,nord,mehrfamilienhaus,281.5,2022,,4,2,dreifach,waermepumpe,20.9,3278,0.21,0,2.82,5.97,1,16288,57.86,B
356,sued,einfamilienhaus,104.9,2023,2025.0,2,3,dreifach,waermepumpe,20.6,3056,0.24,1,2.52,,0,8159,77.8,B
357,sued,mehrfamilienhaus,274.1,1963,1974.0,4,2,zweifach,fernwaerme,19.7,3105,0.162,0,0.84,0.0,0,19969,72.85,B
358,sued,schule,111.3,1978,,2,1,zweifach,gas,20.6,2991,0.108,0,0.82,0.0,0,11649,104.65,C
359,west,einfamilienhaus,155.5,2021,2025.0,3,4,dreifach,gas,21.9,3600,0.114,1,0.89,0.0,1,11665,75.02,B
360,sued,mehrfamilienhaus,171.4,1964,1993.0,3,1,dreifach,gas,20.0,2497,0.146,0,0.92,2.25,0,12886,75.17,B
361,nord,halle,104.6,2008,,1,2,alt,pellet,18.5,3266,0.158,0,0.88,6.74,0,12268,117.23,C
362,sued,einfamilienhaus,156.3,1958,1961.0,2,2,zweifach,gas,19.8,2359,0.178,0,0.88,9.37,0,11131,71.23,B
363,west,einfamilienhaus,80.4,1963,,1,2,zweifach,waermepumpe,21.7,3317,0.179,0,3.71,0.0,0,6489,80.72,B
364,ost,einfamilienhaus,146.2,2008,,1,3,zweifach,fernwaerme,20.6,3294,0.166,0,0.89,0.0,0,12782,87.43,B
365,nord,buero,164.9,1995,2002.0,3,2,alt,gas,19.6,4200,0.214,1,0.92,10.52,1,25153,152.5,C
366,ost,einfamilienhaus,56.8,1991,2015.0,1,3,alt,pellet,20.5,3459,0.142,0,0.88,0.0,1,5855,103.11,C
367,sued,mehrfamilienhaus,110.6,2014,2019.0,3,2,alt,gas,20.2,3066,0.243,1,0.9,4.89,0,11317,102.29,C
368,nord,einfamilienhaus,196.3,1973,1996.0,4,2,dreifach,fernwaerme,22.2,3439,0.227,0,0.98,0.0,0,16345,83.24,B
369,ost,halle,99.3,1987,1995.0,3,2,zweifach,oel,18.4,2989,0.223,0,0.92,0.0,0,12759,128.47,C
370,nord,schule,211.5,1995,2002.0,2,3,dreifach,gas,19.2,3396,0.147,1,0.81,0.0,0,13814,65.33,B
371,sued,mehrfamilienhaus,221.1,2005,2019.0,3,1,zweifach,gas,21.1,3047,0.174,0,0.84,0.0,0,20074,90.78,B
372,nord,halle,196.0,1974,,2,1,zweifach,waermepumpe,20.6,2662,0.216,1,2.57,0.0,1,18115,92.45,B
373,nord,mehrfamilienhaus,244.3,1997,2012.0,3,3,zweifach,gas,,3419,0.17,0,0.85,0.0,0,24497,100.28,C
374,sued,halle,78.2,1983,1996.0,3,1,zweifach,waermepumpe,17.2,2985,0.145,1,3.44,5.69,0,9000,115.14,C
375,nord,einfamilienhaus,268.7,1990,2003.0,6,2,zweifach,fernwaerme,,3964,0.143,0,0.97,9.71,1,30853,114.82,C
376,nord,einfamilienhaus,105.4,2014,2025.0,1,3,alt,gas,20.5,3304,0.145,0,0.85,0.0,0,9164,86.94,B
377,sued,buero,180.6,1979,,2,1,dreifach,gas,20.5,2682,0.122,0,0.91,0.0,1,12920,71.55,B
378,nord,einfamilienhaus,370.4,2000,2025.0,6,2,dreifach,gas,21.0,3444,0.324,1,0.9,0.0,1,31219,84.29,B
379,nord,einfamilienhaus,144.8,2020,2025.0,3,2,zweifach,waermepumpe,20.1,3376,0.082,0,3.0,6.66,0,13279,91.73,B
380,ost,buero,173.4,2007,2023.0,1,2,dreifach,fernwaerme,19.4,3054,,1,0.9,1.0,1,12560,72.42,B
381,ost,mehrfamilienhaus,105.7,2024,2025.0,1,3,zweifach,gas,21.6,2652,0.21,0,0.78,0.0,0,7059,66.79,B
382,sued,einfamilienhaus,368.6,1993,2014.0,7,2,zweifach,fernwaerme,19.2,2895,0.146,1,0.97,0.0,0,38837,105.37,C
383,west,einfamilienhaus,110.7,1971,2008.0,1,1,zweifach,fernwaerme,19.5,2897,0.162,1,0.9,0.0,1,9440,85.24,B
384,ost,einfamilienhaus,230.1,2024,2025.0,3,3,zweifach,fernwaerme,19.1,3024,0.2,1,0.88,0.0,1,15761,68.5,B
385,sued,einfamilienhaus,297.8,1998,2006.0,5,2,alt,gas,21.2,3206,0.232,0,0.87,0.0,0,37653,126.43,C
386,west,einfamilienhaus,240.4,1968,,5,3,alt,gas,20.6,2864,0.166,1,0.93,8.4,0,21516,89.52,B
387,sued,mehrfamilienhaus,201.6,1973,,3,1,zweifach,gas,21.6,2873,0.226,0,0.86,5.64,1,14553,72.2,B
388,west,buero,179.3,1969,1977.0,3,2,dreifach,waermepumpe,19.6,3289,0.095,0,2.59,10.51,1,8829,49.24,A
389,sued,einfamilienhaus,92.6,2012,2020.0,3,2,zweifach,waermepumpe,19.0,2856,0.15,0,2.93,7.25,0,7157,77.27,B
390,sued,einfamilienhaus,360.6,1956,,6,1,zweifach,gas,20.0,3863,0.205,1,0.81,,0,49213,136.46,C
391,west,mehrfamilienhaus,193.9,2005,,2,1,dreifach,gas,20.3,3187,0.279,0,0.92,0.0,1,17218,88.79,B
392,nord,einfamilienhaus,173.5,1991,2004.0,3,1,dreifach,waermepumpe,20.8,2915,0.132,1,2.86,0.0,1,11088,63.92,B
393,west,einfamilienhaus,101.6,1955,1975.0,2,1,dreifach,gas,18.5,2806,0.123,0,0.82,0.0,0,9856,96.96,B
394,sued,einfamilienhaus,177.4,1996,2022.0,5,2,zweifach,fernwaerme,21.1,2621,0.197,0,0.84,,0,13579,76.55,B
395,sued,mehrfamilienhaus,168.4,2006,2025.0,4,3,dreifach,oel,19.4,2661,0.183,0,0.87,0.0,0,11049,65.6,B
396,ost,einfamilienhaus,370.4,2004,2009.0,8,1,zweifach,gas,19.7,3288,0.144,0,0.84,12.28,1,42109,113.7,C
397,ost,einfamilienhaus,173.4,1989,,2,2,zweifach,fernwaerme,21.9,2713,0.119,1,0.88,0.0,1,15935,91.89,B
398,nord,mehrfamilienhaus,176.1,1975,2014.0,2,1,zweifach,gas,17.9,3234,,1,0.94,3.37,1,16354,92.88,B
399,west,buero,102.2,1962,,1,1,zweifach,fernwaerme,20.9,3500,0.206,0,0.97,0.0,1,10818,105.84,C
400,sued,mehrfamilienhaus,120.7,1950,1980.0,2,2,zweifach,gas,20.9,2768,0.163,0,0.88,0.0,0,9440,78.2,B
401,west,schule,217.5,1976,,2,1,zweifach,oel,19.9,3335,0.239,1,0.94,0.0,1,29049,133.57,C
402,ost,mehrfamilienhaus,72.0,1997,,3,2,dreifach,fernwaerme,20.0,2511,0.173,0,0.9,0.0,1,4791,66.57,B
403,ost,einfamilienhaus,268.0,1952,,6,2,zweifach,gas,22.0,2970,0.21,0,0.91,7.76,1,24925,92.99,B
404,ost,einfamilienhaus,271.4,2024,,4,3,zweifach,fernwaerme,22.9,2790,0.194,1,0.87,0.51,1,20680,76.19,B
405,nord,einfamilienhaus,115.0,1993,2025.0,3,2,alt,waermepumpe,21.8,3455,0.16,0,2.94,0.0,1,11156,97.03,B
406,sued,einfamilienhaus,201.9,1972,1987.0,4,2,alt,pellet,22.8,2588,0.222,0,0.93,0.0,0,21600,106.98,C
407,west,einfamilienhaus,302.4,2022,2025.0,6,2,zweifach,gas,19.7,3824,0.119,0,0.85,0.0,0,33999,112.41,C
408,west,einfamilienhaus,162.2,1963,1991.0,1,2,zweifach,gas,18.6,2526,0.152,0,0.86,6.8,0,12009,74.05,B
409,sued,mehrfamilienhaus,148.4,2021,2025.0,2,3,zweifach,gas,20.4,3348,0.159,0,0.8,9.01,0,10233,68.94,B
410,ost,mehrfamilienhaus,156.9,1971,,3,1,alt,waermepumpe,21.5,3407,,0,3.67,0.0,1,17344,110.53,C
411,sued,einfamilienhaus,193.7,1978,2010.0,4,2,zweifach,oel,18.3,3058,0.212,1,0.85,0.0,0,18154,93.71,B
412,sued,mehrfamilienhaus,127.9,1981,2009.0,1,2,zweifach,gas,19.4,2969,0.139,1,0.95,6.55,0,7741,60.53,B
413,sued,einfamilienhaus,142.7,2024,2025.0,1,3,dreifach,waermepumpe,19.5,3599,0.132,1,2.93,0.0,0,7647,53.6,B
414,sued,mehrfamilienhaus,195.5,1968,2003.0,2,2,dreifach,gas,20.9,3815,0.184,1,0.89,0.0,0,16483,84.31,B
415,nord,mehrfamilienhaus,137.3,2022,,2,3,zweifach,fernwaerme,20.8,3277,0.103,0,0.98,12.14,0,5248,38.22,A
416,nord,einfamilienhaus,98.2,1976,1994.0,2,1,zweifach,oel,19.6,3405,0.23,0,0.92,0.0,0,13658,139.04,C
417,west,einfamilienhaus,69.4,1971,1993.0,3,2,zweifach,fernwaerme,20.7,2907,0.169,0,0.96,0.0,0,6299,90.82,B
418,sued,halle,175.0,1997,2023.0,4,2,zweifach,waermepumpe,17.1,2541,0.122,0,3.27,0.0,0,8607,49.18,A
419,west,mehrfamilienhaus,293.5,2002,,5,2,zweifach,gas,20.0,3262,0.121,0,0.93,0.0,1,24498,83.46,B
420,ost,mehrfamilienhaus,206.6,1975,1992.0,3,1,dreifach,fernwaerme,19.0,3187,0.196,0,0.93,10.28,1,15643,75.71,B
421,sued,einfamilienhaus,99.9,1960,1966.0,3,1,dreifach,fernwaerme,20.3,2386,0.194,0,0.89,0.0,0,5602,56.06,B
422,ost,einfamilienhaus,120.3,1979,,1,1,dreifach,gas,19.5,3260,0.142,0,0.98,0.0,1,13358,111.03,C
423,west,einfamilienhaus,147.9,1990,1994.0,2,2,dreifach,waermepumpe,21.3,3199,0.174,0,3.72,0.0,0,10873,73.5,B
424,ost,halle,376.1,1953,,5,1,dreifach,waermepumpe,18.5,2890,0.124,1,3.55,0.0,1,36380,96.73,B
425,sued,einfamilienhaus,386.0,1955,1971.0,8,1,zweifach,pellet,20.2,2717,0.167,0,0.87,,1,37061,96.02,B
426,nord,einfamilienhaus,364.1,2018,,7,3,dreifach,waermepumpe,22.6,3498,0.254,0,2.77,9.85,1,26271,72.15,B
427,nord,halle,183.3,1952,,2,1,zweifach,gas,19.0,3913,0.287,0,0.91,5.16,0,25299,138.06,C
428,nord,mehrfamilienhaus,608.7,1980,,8,2,zweifach,oel,20.1,3489,0.169,1,0.8,4.26,0,67698,111.21,C
429,sued,einfamilienhaus,123.0,2007,2025.0,3,2,zweifach,oel,19.8,3223,0.202,0,0.91,0.0,1,13280,107.94,C
430,west,mehrfamilienhaus,145.4,1974,1982.0,2,2,dreifach,gas,19.1,2809,0.2,0,0.87,0.0,1,10331,71.03,B
431,west,mehrfamilienhaus,258.3,1987,,4,2,dreifach,oel,20.4,2955,0.094,0,0.86,0.0,1,23486,90.91,B
432,sued,halle,196.0,1956,,2,2,zweifach,gas,18.9,3163,0.123,1,0.82,3.83,0,22532,114.97,C
433,sued,einfamilienhaus,201.2,2009,2015.0,4,3,zweifach,gas,18.2,2475,0.064,0,0.87,0.0,1,13485,67.03,B
434,west,buero,107.4,1997,2025.0,1,2,alt,waermepumpe,18.9,3173,0.202,0,3.76,10.73,1,9118,84.87,B
435,nord,einfamilienhaus,167.9,2013,,2,2,zweifach,gas,19.9,3523,0.277,1,0.81,5.79,1,20295,120.9,C
436,west,buero,123.9,2014,2025.0,1,3,zweifach,fernwaerme,19.2,3087,0.233,0,0.93,0.0,1,8884,71.73,B
437,west,buero,89.8,1976,,2,1,dreifach,waermepumpe,20.6,3212,0.182,0,3.61,8.92,0,7445,82.92,B
438,sued,buero,130.6,1953,1967.0,2,1,dreifach,fernwaerme,20.7,2970,0.175,0,0.92,0.0,0,10391,79.56,B
439,nord,buero,196.0,1975,,3,1,zweifach,gas,20.4,3132,0.162,0,0.88,0.0,1,20884,106.54,C
440,nord,mehrfamilienhaus,238.7,1960,1976.0,4,1,zweifach,fernwaerme,21.2,2938,0.233,1,0.8,3.94,1,21616,90.55,B
441,ost,einfamilienhaus,68.3,1989,2025.0,2,1,alt,waermepumpe,19.8,3068,0.191,0,3.36,0.0,0,6641,97.16,B
442,west,einfamilienhaus,171.5,1960,1978.0,4,1,zweifach,waermepumpe,20.4,3557,0.183,1,2.88,0.0,0,17404,101.47,C
443,sued,einfamilienhaus,164.4,2019,2019.0,3,3,alt,gas,19.3,3309,0.125,1,0.85,0.0,1,15293,93.04,B
444,sued,mehrfamilienhaus,191.3,1995,2025.0,3,3,dreifach,gas,20.8,2829,0.21,0,0.86,7.98,0,7779,40.65,A
445,sued,einfamilienhaus,100.8,1968,2002.0,1,1,alt,fernwaerme,20.6,2822,0.173,0,0.98,0.0,1,11886,117.97,C
446,west,mehrfamilienhaus,101.7,2019,2025.0,1,3,zweifach,gas,19.1,2946,0.2,0,0.77,0.0,1,8347,82.11,B
447,ost,mehrfamilienhaus,297.2,2007,2011.0,4,3,zweifach,waermepumpe,20.3,2946,0.23,1,4.25,0.0,0,20793,69.95,B
448,nord,halle,115.7,1982,2015.0,2,2,zweifach,waermepumpe,18.5,3451,0.098,0,3.15,11.17,1,9586,82.88,B
449,sued,einfamilienhaus,142.2,1960,,1,1,zweifach,waermepumpe,20.8,3320,0.165,1,3.5,6.82,0,15060,105.88,C
450,ost,buero,149.0,1975,,3,1,zweifach,pellet,20.9,3892,0.158,0,1.0,4.29,0,17441,117.08,C
451,ost,mehrfamilienhaus,124.9,1993,,1,2,zweifach,fernwaerme,19.6,2810,0.154,0,1.0,0.0,1,8318,66.58,B
452,ost,halle,214.4,2007,2014.0,2,3,zweifach,waermepumpe,19.4,3328,,1,3.02,0.0,0,16379,76.4,B
453,nord,buero,206.0,1969,,4,2,dreifach,fernwaerme,21.1,3540,0.144,0,0.88,0.0,0,17460,84.74,B
454,west,einfamilienhaus,161.0,2005,,2,2,zweifach,gas,19.6,2985,0.125,0,0.84,3.46,1,14743,91.56,B
455,west,einfamilienhaus,128.3,1971,1983.0,1,1,zweifach,waermepumpe,19.1,2741,0.221,1,3.05,0.0,0,11900,92.79,B
456,west,halle,155.2,1968,,1,2,zweifach,waermepumpe,17.7,3196,0.199,0,2.68,1.8,0,16362,105.42,C
457,west,mehrfamilienhaus,178.2,1983,,3,2,dreifach,pellet,18.7,3842,0.195,0,0.94,6.76,0,11319,63.53,B
458,ost,buero,120.4,1962,1988.0,4,1,zweifach,gas,20.7,3194,0.084,0,0.94,0.0,0,13100,108.82,C
459,ost,buero,221.8,1980,,3,2,dreifach,gas,21.9,2824,0.277,1,0.82,6.85,0,8229,37.1,A
460,sued,mehrfamilienhaus,267.1,1976,1984.0,4,3,zweifach,waermepumpe,22.2,2895,0.16,1,3.23,0.0,1,15980,59.83,B
461,nord,buero,321.2,1971,,7,1,dreifach,gas,19.2,2951,0.267,1,0.92,0.0,0,30139,93.82,B
462,west,schule,311.9,2008,2025.0,3,3,dreifach,fernwaerme,21.8,3106,0.217,0,0.9,13.17,0,25850,82.87,B
463,nord,schule,148.5,1974,1981.0,5,1,dreifach,fernwaerme,21.0,3589,0.168,1,0.87,4.95,1,18093,121.81,C
464,sued,einfamilienhaus,182.3,2002,,6,3,dreifach,gas,17.6,2708,0.282,0,0.93,7.34,0,15023,82.43,B
465,sued,einfamilienhaus,159.6,2004,,1,3,alt,gas,20.1,1811,0.208,0,0.84,0.0,0,9484,59.42,B
466,west,einfamilienhaus,159.3,1999,2009.0,3,2,zweifach,waermepumpe,20.0,3197,0.169,1,3.83,7.0,1,10340,64.89,B
467,sued,einfamilienhaus,154.7,1970,1977.0,2,2,zweifach,gas,22.0,2774,0.16,0,0.86,0.0,1,12157,78.58,B
468,sued,buero,173.0,2012,,3,3,alt,waermepumpe,19.5,2687,0.232,0,3.24,2.95,1,15761,91.11,B
469,ost,buero,287.7,1967,1987.0,4,1,alt,waermepumpe,21.2,2834,0.153,0,3.68,0.0,0,24991,86.87,B
470,sued,einfamilienhaus,198.8,1970,2003.0,4,1,dreifach,fernwaerme,20.4,3090,0.161,1,0.89,1.77,1,17546,88.28,B
471,sued,einfamilienhaus,98.8,2015,2025.0,2,3,zweifach,oel,18.8,2807,0.15,0,0.91,,1,7067,71.54,B
472,sued,mehrfamilienhaus,261.8,1975,,3,2,zweifach,gas,19.8,3276,0.142,0,0.86,0.0,0,20788,79.39,B
473,west,buero,190.1,2002,,3,2,alt,waermepumpe,22.3,3433,0.145,1,2.58,5.61,0,18483,97.22,B
474,nord,mehrfamilienhaus,215.5,1953,1974.0,4,1,dreifach,gas,20.3,3255,0.269,0,0.9,9.9,0,18689,86.72,B
475,ost,einfamilienhaus,196.9,1996,,2,2,zweifach,gas,21.6,2918,0.23,1,0.95,0.0,1,13552,68.81,B
476,west,einfamilienhaus,201.1,2015,,1,2,zweifach,pellet,21.5,3145,0.192,0,0.9,0.0,1,16012,79.61,B
477,ost,mehrfamilienhaus,205.4,2003,,6,4,dreifach,gas,20.0,3049,0.153,0,0.84,0.0,0,13023,63.4,B
478,sued,mehrfamilienhaus,74.2,1993,,1,2,dreifach,gas,19.0,2337,0.152,0,0.96,0.0,0,4564,61.47,B
479,sued,buero,214.3,2013,2025.0,3,3,alt,pellet,19.1,3620,0.162,0,,0.0,1,19803,92.42,B
480,west,schule,122.7,1972,,2,2,zweifach,gas,22.6,3350,0.269,1,0.85,5.68,0,13476,109.79,C
481,nord,einfamilienhaus,137.1,1978,2003.0,3,1,zweifach,gas,20.7,3188,0.195,0,0.9,0.0,1,13626,99.35,B
482,ost,einfamilienhaus,172.3,1955,,5,2,zweifach,oel,18.4,2429,0.217,0,0.8,0.0,1,15918,92.36,B
483,west,einfamilienhaus,345.1,2002,2025.0,6,1,dreifach,waermepumpe,21.5,3037,0.19,0,3.14,0.0,1,27365,79.29,B
484,sued,einfamilienhaus,106.4,2004,2012.0,1,2,zweifach,waermepumpe,18.4,2744,0.136,1,3.1,0.0,0,7009,65.9,B
485,sued,einfamilienhaus,169.7,2006,2025.0,1,3,zweifach,waermepumpe,19.5,2929,0.185,0,3.04,0.0,1,11272,66.44,B
486,ost,einfamilienhaus,153.0,2006,2025.0,2,3,zweifach,pellet,20.6,2343,0.126,0,0.92,0.0,0,7489,48.95,A
487,ost,einfamilienhaus,260.1,1959,1960.0,4,1,zweifach,gas,23.5,2935,0.24,1,0.94,8.35,1,24482,94.13,B
488,west,buero,151.0,1999,,1,2,dreifach,fernwaerme,21.5,2956,0.143,0,0.88,11.3,0,6343,42.0,A
489,sued,einfamilienhaus,191.1,2007,2025.0,4,3,zweifach,gas,19.9,2883,0.151,1,0.9,0.0,1,10307,53.93,B
490,west,buero,106.5,1965,1982.0,1,1,zweifach,waermepumpe,20.5,3017,0.221,0,3.48,0.0,0,8287,77.81,B
491,west,einfamilienhaus,280.5,1985,,6,2,dreifach,pellet,21.6,3118,0.145,0,0.89,0.0,1,25808,92.0,B
492,sued,einfamilienhaus,86.5,2018,2025.0,4,3,zweifach,gas,22.2,3482,0.169,0,0.94,0.0,0,7393,85.48,B
493,sued,einfamilienhaus,212.9,1981,,3,1,dreifach,waermepumpe,20.2,2770,0.05,1,2.75,0.0,0,18767,88.14,B
494,sued,einfamilienhaus,191.7,2006,2009.0,4,1,alt,fernwaerme,20.2,2631,0.164,1,0.92,0.0,1,20368,106.26,C
495,west,einfamilienhaus,204.6,1989,2003.0,2,1,dreifach,gas,19.5,2495,0.21,0,0.84,0.0,0,11933,58.31,B
496,sued,buero,87.0,1999,2017.0,2,2,dreifach,fernwaerme,21.3,2771,0.149,1,0.99,8.3,0,4877,56.03,B
497,nord,schule,149.6,1996,2025.0,2,1,alt,pellet,22.1,2860,0.208,1,0.86,0.0,0,14437,96.49,B
498,west,einfamilienhaus,254.2,1998,2024.0,3,2,alt,gas,18.2,3436,0.179,0,0.86,0.0,1,31289,123.09,C
499,sued,einfamilienhaus,369.9,2008,2011.0,6,2,alt,gas,20.0,2916,0.234,0,0.87,0.0,1,32814,88.71,B
500,west,einfamilienhaus,163.9,2017,2025.0,2,4,zweifach,pellet,19.0,3429,0.143,0,0.94,0.0,1,11365,69.34,B
501,ost,buero,243.1,1972,2008.0,4,3,dreifach,oel,20.7,3613,0.168,0,0.86,0.0,1,22072,90.78,B
502,sued,einfamilienhaus,183.2,2019,2021.0,4,2,dreifach,oel,19.0,2647,0.107,1,0.83,0.0,1,15734,85.87,B
503,sued,einfamilienhaus,167.8,1997,2025.0,2,2,zweifach,waermepumpe,18.9,2828,0.175,0,2.93,0.0,0,11536,68.75,B
504,west,buero,141.8,1994,1997.0,4,2,zweifach,fernwaerme,21.8,3566,0.159,1,0.94,0.0,0,14103,99.44,B
505,nord,buero,172.7,1974,,1,1,alt,gas,20.3,3416,0.228,1,0.9,0.0,1,21694,125.59,C
506,ost,mehrfamilienhaus,233.2,1981,1995.0,6,3,zweifach,gas,20.4,3283,0.149,1,0.91,0.0,1,19137,82.07,B
507,west,einfamilienhaus,242.0,1998,2025.0,3,2,alt,waermepumpe,21.0,3462,0.159,1,2.52,0.0,0,25041,103.46,C
508,west,einfamilienhaus,94.7,1977,2010.0,2,2,alt,fernwaerme,21.7,3414,0.146,1,0.97,0.0,1,9890,104.4,C
509,nord,einfamilienhaus,136.0,1971,2005.0,2,1,zweifach,waermepumpe,20.0,3494,0.181,0,2.89,0.0,0,12053,88.59,B
510,ost,mehrfamilienhaus,104.1,2011,2025.0,1,3,zweifach,waermepumpe,20.0,3589,0.279,1,3.1,0.0,0,4568,43.87,A
511,ost,buero,176.7,1981,2013.0,4,1,alt,gas,,3076,0.05,1,0.82,0.0,0,22933,129.77,C
512,nord,einfamilienhaus,147.2,1998,2010.0,4,2,zweifach,waermepumpe,21.8,3532,0.178,0,3.26,0.0,1,12296,83.54,B
513,nord,schule,201.5,1952,,5,1,dreifach,waermepumpe,20.8,3288,0.239,0,2.52,0.0,0,14650,72.71,B
514,sued,einfamilienhaus,207.9,1955,1983.0,3,1,zweifach,pellet,20.2,3307,0.154,1,0.98,0.0,0,26131,125.69,C
515,sued,buero,59.5,2013,2019.0,1,3,zweifach,gas,21.0,2705,0.206,0,0.93,0.0,0,3858,64.83,B
516,ost,einfamilienhaus,172.1,1960,1983.0,2,2,zweifach,gas,22.7,2511,0.239,0,0.84,0.0,1,12933,75.13,B
517,ost,einfamilienhaus,290.3,2009,2025.0,4,2,zweifach,waermepumpe,20.6,3329,0.166,0,3.29,0.0,0,26378,90.85,B
518,west,einfamilienhaus,136.1,2017,,1,4,alt,pellet,20.2,2743,,0,0.94,,0,9285,68.23,B
519,sued,mehrfamilienhaus,134.3,1986,1987.0,2,1,zweifach,pellet,22.8,2558,0.227,0,0.85,0.0,1,8185,60.96,B
520,west,einfamilienhaus,267.0,2016,2019.0,5,3,zweifach,oel,22.1,3543,0.205,0,0.84,0.0,1,28654,107.34,C
521,ost,einfamilienhaus,247.2,1982,1983.0,2,2,dreifach,fernwaerme,21.9,3438,0.177,1,0.82,0.0,0,18637,75.38,B
522,west,buero,108.9,2021,2025.0,2,2,alt,gas,19.9,2980,0.211,0,0.95,5.35,0,14191,130.32,C
523,west,mehrfamilienhaus,236.1,1967,1989.0,6,1,zweifach,waermepumpe,19.8,2034,0.228,0,2.73,0.0,1,13885,58.82,B
524,ost,mehrfamilienhaus,119.8,1982,2005.0,3,2,dreifach,waermepumpe,18.3,3287,0.177,0,2.96,0.0,0,4720,39.41,A
525,sued,mehrfamilienhaus,133.6,1979,,2,2,zweifach,waermepumpe,21.7,3182,0.195,0,3.76,2.48,0,12211,91.38,B
526,sued,mehrfamilienhaus,108.9,2008,,1,2,alt,gas,20.6,3131,0.206,0,0.95,0.0,0,11135,102.29,C
527,ost,mehrfamilienhaus,94.4,1953,1969.0,2,1,dreifach,pellet,18.3,3265,0.157,1,0.86,0.0,1,8405,89.03,B
528,west,einfamilienhaus,181.5,2012,,1,2,alt,gas,21.9,3037,0.239,0,0.95,0.0,1,21321,117.5,C
529,ost,einfamilienhaus,88.2,1951,,3,1,dreifach,fernwaerme,20.1,2956,0.128,0,0.91,0.0,1,6454,73.16,B
530,sued,einfamilienhaus,184.8,1973,,3,1,alt,fernwaerme,20.2,2563,0.173,0,0.93,0.0,0,15957,86.33,B
531,west,einfamilienhaus,182.2,1994,,5,1,zweifach,fernwaerme,18.7,2856,0.218,1,1.01,1.9,0,23796,130.61,C
532,nord,einfamilienhaus,160.5,1960,1978.0,1,1,dreifach,waermepumpe,21.1,3463,0.127,1,3.26,0.0,1,10223,63.67,B
533,nord,einfamilienhaus,139.0,1986,,3,2,dreifach,fernwaerme,21.1,3468,,1,0.99,0.0,1,15007,107.97,C
534,nord,einfamilienhaus,126.9,2024,,2,3,zweifach,gas,20.4,3626,0.19,0,0.84,0.0,0,13251,104.44,C
535,west,buero,102.7,2011,2025.0,1,4,alt,gas,20.0,2608,0.246,0,0.85,9.16,1,5777,56.22,B
536,nord,mehrfamilienhaus,322.4,1952,1980.0,4,1,dreifach,fernwaerme,23.7,2769,0.211,0,0.83,0.0,0,21489,66.66,B
537,nord,mehrfamilienhaus,157.3,1994,,3,2,alt,waermepumpe,19.1,3217,0.172,0,3.88,4.93,0,17953,114.13,C
538,sued,schule,154.9,1994,2001.0,3,2,zweifach,fernwaerme,20.0,2593,0.192,0,0.87,0.0,0,12431,80.25,B
539,west,einfamilienhaus,111.2,1955,,4,2,alt,gas,21.3,3165,0.193,0,0.94,12.01,1,11310,101.72,C
540,sued,einfamilienhaus,306.4,1998,2025.0,6,3,zweifach,gas,19.3,2492,0.281,1,0.93,6.69,1,24044,78.48,B
541,west,einfamilienhaus,130.5,1989,,1,2,alt,waermepumpe,19.2,3513,0.184,1,2.87,4.62,0,12313,94.36,B
542,nord,mehrfamilienhaus,192.9,2001,2016.0,2,2,zweifach,fernwaerme,21.9,3062,0.173,1,0.78,0.0,0,11758,60.95,B
543,sued,einfamilienhaus,210.0,1972,,2,1,dreifach,fernwaerme,21.2,3507,0.17,1,0.87,0.0,1,20395,97.11,B
544,sued,buero,181.5,1969,2007.0,5,2,zweifach,oel,21.1,3134,0.189,0,0.85,0.0,0,19762,108.86,C
545,ost,einfamilienhaus,87.3,2005,,1,1,dreifach,gas,20.7,2731,0.123,0,0.87,0.0,0,9445,108.19,C
546,west,mehrfamilienhaus,231.5,2004,2008.0,6,3,zweifach,gas,19.7,3833,0.161,1,0.89,0.0,1,26873,116.1,C
547,sued,mehrfamilienhaus,129.9,1962,1970.0,3,1,alt,gas,20.2,3043,0.129,0,0.89,0.0,1,12401,95.47,B
548,nord,einfamilienhaus,246.1,1966,,4,1,alt,waermepumpe,20.4,3408,0.136,0,3.28,5.38,0,31969,129.9,C
549,nord,mehrfamilienhaus,167.2,1993,2025.0,2,2,zweifach,gas,21.5,3327,0.22,0,0.83,0.0,0,11738,70.21,B
550,nord,mehrfamilienhaus,215.9,2012,2025.0,4,2,dreifach,gas,21.0,3513,0.181,0,0.83,0.0,1,13794,63.9,B
551,west,buero,296.9,1965,,5,2,dreifach,pellet,19.4,3284,0.143,0,0.81,0.0,0,23224,78.23,B
552,ost,mehrfamilienhaus,227.5,1966,,3,3,zweifach,oel,21.4,2797,0.172,0,0.77,0.0,1,15957,70.12,B
553,west,einfamilienhaus,218.3,2010,,4,3,zweifach,fernwaerme,18.5,3025,0.168,0,0.86,0.0,1,16223,74.32,B
554,nord,einfamilienhaus,236.3,2002,,4,2,zweifach,oel,20.1,3390,0.183,0,0.92,5.87,1,21025,88.98,B
555,west,mehrfamilienhaus,117.9,2017,2025.0,1,3,zweifach,gas,19.1,3304,0.105,1,0.86,0.0,0,10614,90.05,B
556,west,einfamilienhaus,250.9,2008,2022.0,5,3,dreifach,gas,19.5,3310,0.125,0,0.82,0.0,1,21422,85.37,B
557,nord,einfamilienhaus,151.8,2021,2025.0,2,2,dreifach,waermepumpe,22.8,3408,0.108,1,2.84,0.0,1,9850,64.88,B
558,nord,einfamilienhaus,154.1,1964,1992.0,3,1,zweifach,oel,18.7,3157,0.135,1,0.8,,1,17236,111.85,C
559,west,mehrfamilienhaus,178.9,1970,1972.0,2,1,alt,waermepumpe,19.5,2889,0.144,0,2.87,4.06,0,18699,104.51,C
560,nord,einfamilienhaus,145.5,1967,,1,2,zweifach,pellet,21.1,2933,0.128,0,0.89,9.23,1,12122,83.32,B
561,ost,halle,107.1,1954,1967.0,4,1,alt,gas,,3307,0.218,0,0.8,0.0,0,16746,156.38,C
562,west,einfamilienhaus,172.7,2008,2024.0,5,2,dreifach,waermepumpe,20.7,2884,0.272,0,3.02,,0,7360,42.6,A
563,west,einfamilienhaus,154.4,1999,,4,3,dreifach,gas,22.2,3033,0.221,1,0.93,0.0,0,12402,80.31,B
564,west,einfamilienhaus,151.9,1956,1995.0,2,1,dreifach,oel,21.3,3183,0.152,0,0.83,0.0,0,15173,99.86,B
565,west,einfamilienhaus,164.8,1964,1980.0,2,2,zweifach,waermepumpe,19.9,3101,0.191,1,3.16,0.0,0,14207,86.23,B
566,sued,einfamilienhaus,61.9,1964,1975.0,3,1,alt,gas,20.3,2948,0.177,0,0.88,0.0,1,8194,132.4,C
567,west,mehrfamilienhaus,152.5,1980,2013.0,2,3,dreifach,pellet,21.1,2783,0.15,1,0.87,0.0,0,9484,62.21,B
568,ost,einfamilienhaus,314.3,1984,,4,1,alt,fernwaerme,21.3,3194,0.246,0,0.94,0.0,0,42057,133.83,C
569,west,einfamilienhaus,302.6,1971,1978.0,7,1,zweifach,oel,20.5,2991,,0,0.67,0.0,1,37443,123.75,C
570,sued,einfamilienhaus,175.5,2019,,3,3,dreifach,gas,20.9,2920,0.106,1,0.85,0.0,0,13824,78.77,B
571,sued,einfamilienhaus,172.8,1965,,5,1,zweifach,fernwaerme,20.9,3355,0.252,0,0.93,0.0,1,22240,128.7,C
572,west,schule,55.8,1992,2003.0,1,2,dreifach,fernwaerme,20.8,3277,0.15,0,0.96,0.0,1,5780,103.64,C
573,ost,einfamilienhaus,133.3,1982,,3,2,dreifach,gas,19.8,2900,0.167,1,0.88,7.65,0,8438,63.31,B
574,sued,buero,235.2,1979,1985.0,6,2,zweifach,fernwaerme,21.4,2898,0.194,0,0.98,0.0,0,24086,102.4,C
575,sued,einfamilienhaus,143.9,2011,2025.0,2,2,zweifach,gas,20.9,3510,0.257,1,0.99,0.0,0,11395,79.19,B
576,ost,einfamilienhaus,271.9,2023,2025.0,4,3,zweifach,pellet,18.0,2992,0.194,0,0.97,3.47,1,24510,90.13,B
577,ost,buero,264.3,1950,1974.0,3,1,zweifach,gas,19.5,3114,0.201,0,0.87,4.39,0,26319,99.57,B
578,west,einfamilienhaus,132.1,1984,2014.0,4,3,zweifach,fernwaerme,19.9,3332,0.223,0,0.93,0.0,1,12781,96.75,B
579,ost,buero,181.5,1958,1958.0,2,1,zweifach,waermepumpe,20.3,3175,0.231,0,3.05,0.0,1,19165,105.57,C
580,sued,mehrfamilienhaus,326.0,1982,2016.0,5,1,zweifach,waermepumpe,21.9,2820,0.206,0,3.26,0.0,1,23536,72.2,B
581,sued,einfamilienhaus,86.5,1996,1997.0,1,1,dreifach,waermepumpe,24.3,2690,0.231,0,3.57,10.6,1,4482,51.84,B
582,west,schule,145.3,1980,1984.0,4,2,dreifach,pellet,17.9,3096,0.15,0,0.85,0.0,0,13057,89.83,B
583,west,einfamilienhaus,82.7,1973,,3,1,zweifach,gas,20.9,3330,0.093,0,0.93,0.0,1,9452,114.33,C
584,nord,halle,114.1,1973,,2,1,zweifach,oel,18.6,3812,0.271,1,0.83,0.0,1,19689,172.58,C
585,ost,schule,371.0,1972,,5,2,dreifach,waermepumpe,20.7,2587,0.128,0,2.97,0.0,1,24251,65.37,B
586,sued,einfamilienhaus,145.3,1974,1996.0,4,1,zweifach,gas,21.2,3567,0.153,1,0.93,11.08,1,13457,92.6,B
587,nord,einfamilienhaus,67.8,1978,,1,3,zweifach,waermepumpe,20.7,3249,0.163,1,3.33,5.99,0,5086,75.0,B
588,sued,buero,106.6,2001,2025.0,1,2,zweifach,gas,20.1,3274,0.155,1,0.92,0.0,1,10395,97.51,B
589,ost,einfamilienhaus,78.9,1957,1987.0,1,1,alt,waermepumpe,20.5,2842,0.144,0,2.56,6.87,1,7303,92.52,B
590,nord,mehrfamilienhaus,184.7,1953,1979.0,2,1,zweifach,waermepumpe,21.2,2786,0.203,1,3.35,6.65,1,11216,60.71,B
591,west,einfamilienhaus,208.6,1988,2002.0,2,2,alt,fernwaerme,21.1,2640,0.204,0,1.0,7.88,1,17260,82.74,B
592,west,einfamilienhaus,252.5,2001,2025.0,3,2,zweifach,oel,20.7,2984,0.211,1,0.98,0.0,0,22091,87.49,B
593,sued,mehrfamilienhaus,229.4,1969,1981.0,5,1,zweifach,pellet,19.8,3133,0.208,0,0.89,7.9,1,23152,100.91,C
594,nord,mehrfamilienhaus,88.3,1965,1978.0,1,1,zweifach,waermepumpe,23.9,3361,0.159,1,3.47,0.0,0,5179,58.69,B
595,west,mehrfamilienhaus,203.8,1996,,4,1,dreifach,waermepumpe,20.9,3012,0.159,0,2.65,0.0,0,15154,74.35,B
596,sued,mehrfamilienhaus,161.5,1978,1989.0,2,1,dreifach,waermepumpe,21.4,3341,0.236,1,2.98,0.0,0,11733,72.65,B
597,west,einfamilienhaus,269.4,2005,,5,2,dreifach,gas,,3101,0.154,0,0.9,0.0,0,28615,106.23,C
598,nord,einfamilienhaus,241.4,1960,,6,1,alt,gas,20.7,3448,0.153,0,0.87,0.0,1,38696,160.3,C
599,nord,einfamilienhaus,394.2,1959,,6,1,dreifach,gas,20.7,4200,0.226,1,0.92,5.11,0,45523,115.48,C
600,sued,einfamilienhaus,110.4,1991,2008.0,2,3,zweifach,fernwaerme,18.2,2947,0.179,0,,8.46,1,5593,50.64,B
601,west,einfamilienhaus,103.4,1979,2015.0,1,1,dreifach,fernwaerme,19.6,2856,0.155,0,0.92,7.3,1,5988,57.89,B
602,nord,mehrfamilienhaus,137.0,2004,,4,3,zweifach,gas,19.6,3518,0.155,0,0.79,0.0,1,14382,104.97,C
603,ost,einfamilienhaus,164.5,1987,2005.0,2,2,dreifach,pellet,19.8,3357,0.236,1,0.9,0.0,0,14370,87.38,B
604,sued,einfamilienhaus,125.0,1976,,3,1,alt,gas,19.2,3055,0.209,0,0.89,0.0,1,17979,143.79,C
605,west,mehrfamilienhaus,113.0,1961,,2,2,zweifach,waermepumpe,20.6,3155,0.192,0,2.34,0.0,1,7461,66.0,B
606,west,einfamilienhaus,197.7,1962,,4,1,zweifach,fernwaerme,22.2,3619,0.122,1,0.91,0.0,1,24949,126.21,C
607,west,halle,136.8,2006,,3,2,dreifach,oel,18.7,3575,0.192,0,0.84,6.78,0,12683,92.7,B
608,sued,einfamilienhaus,122.7,1966,2003.0,2,1,zweifach,gas,19.1,2909,0.169,0,0.92,0.0,1,14920,121.64,C
609,west,einfamilienhaus,88.2,1987,,3,2,zweifach,waermepumpe,19.3,2875,0.134,1,2.62,0.0,0,5957,67.56,B
610,sued,buero,57.6,2011,,1,2,dreifach,waermepumpe,20.0,3100,0.15,0,3.19,0.0,0,2395,41.58,A
611,nord,mehrfamilienhaus,307.1,2017,,6,2,zweifach,gas,18.8,3123,0.215,0,0.87,0.0,0,38140,124.19,C
612,sued,buero,302.8,1970,1993.0,5,1,zweifach,fernwaerme,20.9,3260,0.242,0,0.93,0.0,1,33179,109.56,C
613,sued,einfamilienhaus,244.8,1958,1958.0,4,1,dreifach,fernwaerme,22.1,3098,0.127,0,0.89,0.0,0,22803,93.15,B
614,sued,einfamilienhaus,218.7,2008,2025.0,3,2,zweifach,gas,19.8,3885,0.133,1,0.86,0.0,0,19021,86.97,B
615,ost,mehrfamilienhaus,131.1,2001,2025.0,2,2,zweifach,fernwaerme,20.6,3616,0.215,1,0.89,8.52,1,11296,86.14,B
616,west,einfamilienhaus,222.8,1974,1974.0,2,1,alt,oel,20.0,2722,0.16,1,0.73,0.0,0,31890,143.12,C
617,west,mehrfamilienhaus,100.2,1994,,2,3,zweifach,waermepumpe,19.7,2918,0.208,1,2.92,,0,5931,59.2,B
618,ost,einfamilienhaus,179.5,1964,,3,1,zweifach,waermepumpe,20.7,2430,0.159,1,2.34,0.0,1,16112,89.74,B
619,west,einfamilienhaus,118.0,2002,2025.0,1,2,alt,gas,19.7,2352,0.209,0,0.87,1.22,1,11909,100.93,C
620,ost,einfamilienhaus,223.2,2004,,4,2,zweifach,waermepumpe,19.5,3140,0.111,0,3.8,0.0,1,20952,93.85,B
621,nord,buero,336.4,1972,1980.0,6,2,alt,gas,18.6,2933,0.207,1,0.93,0.0,1,30678,91.2,B
622,nord,einfamilienhaus,106.4,1985,2005.0,1,1,dreifach,pellet,20.6,3924,0.075,0,0.94,0.0,0,9344,87.8,B
623,sued,halle,134.1,1975,,2,2,dreifach,fernwaerme,19.8,3355,0.226,1,,0.0,0,15534,115.86,C
624,nord,einfamilienhaus,178.0,1952,1965.0,2,1,zweifach,gas,21.3,3255,0.178,1,0.8,0.0,0,20737,116.49,C
625,sued,einfamilienhaus,71.2,1959,1994.0,4,1,zweifach,waermepumpe,22.3,2835,0.202,0,2.92,0.0,1,6304,88.51,B
626,west,einfamilienhaus,80.6,2021,,3,2,alt,gas,19.7,3620,0.192,0,0.88,0.0,0,10214,126.8,C
627,sued,mehrfamilienhaus,331.7,1984,2003.0,6,3,zweifach,waermepumpe,21.5,3550,0.095,0,3.27,0.0,0,21693,65.39,B
628,west,buero,198.1,1961,1970.0,5,2,dreifach,pellet,19.2,2774,0.248,1,0.91,0.0,1,17901,90.38,B
629,west,mehrfamilienhaus,127.9,1953,,1,1,alt,waermepumpe,21.4,2729,0.197,1,3.64,0.0,1,13197,103.21,C
630,ost,einfamilienhaus,169.4,1976,,1,2,dreifach,fernwaerme,22.5,2995,0.218,0,0.92,0.0,0,14568,85.98,B
631,nord,mehrfamilienhaus,137.3,2023,,2,2,zweifach,fernwaerme,21.1,3501,0.14,0,0.88,4.9,1,12875,93.79,B
632,nord,einfamilienhaus,180.4,1978,,1,2,dreifach,oel,22.5,3170,0.192,0,0.79,0.0,1,17666,97.9,B
633,sued,mehrfamilienhaus,139.6,2024,,2,3,dreifach,gas,19.8,3108,0.115,0,0.85,11.28,1,7631,54.66,B
634,ost,mehrfamilienhaus,163.4,1986,,3,1,zweifach,pellet,20.3,3783,0.187,0,0.9,0.0,0,15811,96.73,B
635,sued,einfamilienhaus,232.4,2007,2025.0,5,3,alt,gas,19.4,2458,0.133,1,0.9,0.0,0,15761,67.83,B
636,sued,mehrfamilienhaus,225.5,2008,2022.0,2,2,zweifach,gas,20.5,2794,0.35,0,0.91,0.0,0,20282,89.94,B
637,sued,mehrfamilienhaus,322.9,1952,1953.0,6,2,alt,gas,20.8,2465,0.21,1,0.93,7.45,0,29534,91.46,B
638,nord,einfamilienhaus,204.5,1950,1987.0,3,1,zweifach,pellet,20.5,3057,0.247,1,0.91,0.0,0,23464,114.73,C
639,ost,einfamilienhaus,174.4,2019,2025.0,3,3,zweifach,pellet,19.9,2997,0.168,1,0.92,5.9,0,13019,74.66,B
640,ost,einfamilienhaus,345.6,2019,2020.0,5,2,dreifach,gas,19.9,2845,0.2,0,0.85,0.0,0,27664,80.05,B
641,west,buero,155.7,1959,1960.0,4,1,zweifach,gas,20.9,3282,0.225,0,0.91,7.56,0,17302,111.09,C
642,sued,mehrfamilienhaus,59.8,1998,2019.0,1,2,zweifach,waermepumpe,20.3,3003,0.126,0,3.23,0.0,0,4278,71.57,B
643,sued,einfamilienhaus,246.2,2019,2025.0,6,2,zweifach,oel,19.1,3055,0.146,0,0.79,0.0,0,23700,96.26,B
644,sued,einfamilienhaus,193.5,2021,2025.0,2,3,alt,pellet,18.2,2843,0.229,0,0.79,0.0,0,19755,102.09,C
645,sued,einfamilienhaus,170.6,1972,1972.0,4,1,zweifach,waermepumpe,19.8,2875,0.169,0,4.03,0.0,0,14110,82.68,B
646,nord,einfamilienhaus,249.2,2011,,4,2,dreifach,waermepumpe,18.8,3227,0.143,1,3.21,0.0,0,19825,79.55,B
647,nord,einfamilienhaus,140.2,1998,,2,2,dreifach,gas,19.5,3263,0.148,0,0.96,0.0,1,10696,76.32,B
648,nord,einfamilienhaus,61.0,2019,2025.0,2,3,dreifach,waermepumpe,20.0,3497,0.119,0,3.24,4.78,0,3107,50.97,B
649,nord,einfamilienhaus,251.5,1961,,4,1,zweifach,pellet,20.3,2677,0.082,0,0.9,4.3,1,23022,91.54,B
650,ost,mehrfamilienhaus,125.8,1995,,1,2,zweifach,gas,19.7,3201,0.095,0,0.88,0.0,0,11408,90.66,B
651,west,mehrfamilienhaus,108.3,1951,,1,1,alt,waermepumpe,23.1,2796,0.182,0,4.13,0.0,0,10125,93.46,B
652,nord,einfamilienhaus,62.3,1976,,3,1,dreifach,oel,19.0,3231,0.214,0,0.82,0.0,0,6965,111.85,C
653,nord,mehrfamilienhaus,241.8,1950,1975.0,6,2,alt,pellet,22.0,2803,0.306,0,0.89,0.0,0,29217,120.84,C
654,nord,einfamilienhaus,51.9,1983,1995.0,3,2,dreifach,fernwaerme,20.3,3224,0.178,0,0.94,4.04,1,4541,87.56,B
655,ost,einfamilienhaus,295.8,2010,,5,2,alt,gas,19.7,3197,0.116,0,0.9,9.98,1,36380,122.99,C
656,nord,halle,146.4,1999,2025.0,1,2,alt,oel,19.2,3510,0.179,0,0.81,0.0,0,20243,138.23,C
657,nord,mehrfamilienhaus,247.1,1973,,4,1,zweifach,gas,20.0,2935,0.215,0,0.9,0.0,0,25580,103.51,C
658,ost,einfamilienhaus,207.4,1982,1989.0,3,2,alt,oel,19.5,3243,0.232,0,0.85,0.0,1,30184,145.56,C
659,west,einfamilienhaus,375.9,1977,1995.0,5,1,zweifach,waermepumpe,22.6,3499,0.227,1,3.38,0.0,1,32908,87.54,B
660,ost,mehrfamilienhaus,204.8,2004,,5,2,zweifach,gas,17.9,2927,0.209,0,0.89,6.59,0,19877,97.07,B
661,nord,einfamilienhaus,290.7,1969,2008.0,8,2,dreifach,pellet,20.2,3350,0.185,0,0.96,7.3,0,21510,74.0,B
662,sued,halle,132.1,1956,,3,1,zweifach,gas,18.7,2226,0.217,0,0.9,0.0,0,14385,108.86,C
663,nord,einfamilienhaus,80.4,1988,2025.0,1,2,zweifach,waermepumpe,22.2,3036,0.121,0,3.04,0.0,0,6753,83.98,B
664,sued,einfamilienhaus,264.9,2012,2025.0,3,2,dreifach,pellet,20.0,3045,0.08,0,0.92,0.0,0,20827,78.64,B
665,ost,mehrfamilienhaus,79.4,1985,2018.0,3,4,dreifach,fernwaerme,23.7,3434,0.285,0,0.88,0.0,0,2778,35.0,A
666,west,mehrfamilienhaus,240.6,1965,,4,1,alt,waermepumpe,21.4,2890,0.178,1,3.69,0.0,1,17172,71.38,B
667,west,einfamilienhaus,102.6,1953,1955.0,1,1,zweifach,pellet,17.7,4034,0.207,1,0.87,0.0,0,14475,141.08,C
668,sued,schule,195.2,2020,2025.0,4,2,zweifach,fernwaerme,19.2,3060,0.05,1,0.87,8.3,0,11455,58.67,B
669,nord,schule,379.3,2007,2025.0,6,3,dreifach,waermepumpe,21.2,2904,0.257,0,3.27,0.0,0,24496,64.58,B
670,sued,einfamilienhaus,231.9,1961,,4,2,dreifach,gas,19.1,3401,0.238,1,0.89,5.14,1,24425,105.31,C
671,ost,einfamilienhaus,156.1,1955,1968.0,1,1,alt,oel,21.2,2661,0.102,1,0.83,12.09,0,20576,131.85,C
672,west,einfamilienhaus,209.6,1959,,5,2,zweifach,gas,20.0,3215,0.164,1,0.87,0.0,0,22328,106.54,C
673,nord,mehrfamilienhaus,134.3,1978,,2,2,zweifach,waermepumpe,19.1,3025,0.193,0,2.83,0.0,0,10520,78.31,B
674,sued,mehrfamilienhaus,449.0,2010,2023.0,8,2,alt,waermepumpe,19.3,2475,0.117,0,3.59,5.75,0,33381,74.34,B
675,ost,einfamilienhaus,121.5,1961,1988.0,2,1,zweifach,fernwaerme,21.5,3437,0.204,0,0.93,0.0,0,11671,96.03,B
676,sued,halle,163.9,2011,,3,3,dreifach,pellet,16.1,2859,0.232,0,0.94,0.0,0,14836,90.5,B
677,ost,einfamilienhaus,222.4,1950,1969.0,2,2,zweifach,gas,21.8,3704,0.196,0,0.9,5.98,0,28153,126.57,C
678,ost,buero,202.6,2005,2016.0,4,3,zweifach,pellet,21.8,2744,0.102,1,0.86,0.0,0,15099,74.51,B
679,sued,buero,213.2,1971,1990.0,3,1,alt,gas,,2404,0.128,0,0.9,9.83,0,20228,94.88,B
680,sued,einfamilienhaus,135.6,2022,2025.0,2,3,zweifach,gas,18.8,2782,0.174,0,0.92,0.0,0,11472,84.58,B
681,nord,einfamilienhaus,153.1,1985,2020.0,3,3,zweifach,fernwaerme,21.2,4200,0.168,0,0.94,,0,16782,109.6,C
682,nord,einfamilienhaus,259.2,1970,1986.0,4,2,dreifach,gas,19.9,3642,0.169,0,0.87,0.0,1,29569,114.08,C
683,west,schule,253.3,1968,,2,2,zweifach,waermepumpe,19.1,3294,0.167,0,3.32,0.0,1,26167,103.32,C
684,sued,einfamilienhaus,204.9,2011,,3,3,zweifach,waermepumpe,22.8,3155,0.09,0,3.58,,1,10879,53.1,B
685,sued,buero,307.6,1980,2016.0,6,2,dreifach,waermepumpe,19.4,2780,0.22,0,3.37,7.7,0,18751,60.96,B
686,sued,einfamilienhaus,264.0,1976,,4,2,zweifach,gas,18.7,3905,0.211,0,0.93,0.0,1,35291,133.69,C
687,sued,einfamilienhaus,249.7,2005,2025.0,4,3,dreifach,gas,20.8,3110,0.206,1,0.84,0.0,1,20476,81.99,B
688,sued,schule,78.7,1990,2016.0,2,2,zweifach,gas,20.8,3078,0.201,0,0.82,3.77,0,7325,93.04,B
689,nord,einfamilienhaus,203.7,1999,,3,2,zweifach,fernwaerme,22.3,3695,0.166,0,0.93,0.0,1,25723,126.26,C
690,sued,mehrfamilienhaus,187.2,1983,,2,1,zweifach,gas,20.0,2504,0.15,0,0.85,2.53,0,11585,61.89,B
691,sued,einfamilienhaus,326.1,1954,1982.0,5,1,alt,gas,20.1,2642,0.129,0,0.83,0.0,1,43104,132.19,C
692,nord,einfamilienhaus,44.1,1950,1974.0,2,1,zweifach,waermepumpe,20.9,3264,0.257,0,3.5,0.0,0,4469,101.25,C
693,sued,einfamilienhaus,159.7,1952,1956.0,1,1,alt,pellet,20.7,3297,0.179,0,0.9,0.0,1,22676,141.98,C
694,nord,einfamilienhaus,180.2,1993,,3,4,zweifach,waermepumpe,20.8,2896,0.097,0,3.5,0.0,1,14250,79.09,B
695,nord,mehrfamilienhaus,102.0,1988,2016.0,1,1,zweifach,gas,20.8,3326,0.179,1,0.91,0.0,0,8271,81.09,B
696,west,einfamilienhaus,111.0,2006,,3,3,dreifach,fernwaerme,20.7,3027,0.076,0,0.85,0.0,1,9902,89.19,B
697,west,einfamilienhaus,326.6,2017,2025.0,5,2,zweifach,gas,20.0,2549,0.192,0,0.89,0.0,0,30516,93.44,B
698,nord,einfamilienhaus,212.8,1963,,3,1,dreifach,gas,21.5,3172,0.187,1,0.88,0.0,1,20309,95.43,B
699,sued,mehrfamilienhaus,379.7,2021,,6,4,alt,oel,20.1,3140,0.153,0,0.93,0.0,0,30864,81.28,B
700,nord,buero,158.4,2019,2025.0,1,2,alt,pellet,21.5,2831,0.133,0,0.93,0.0,0,14274,90.13,B
701,sued,mehrfamilienhaus,86.8,1996,,1,2,dreifach,fernwaerme,22.2,3444,0.208,0,0.94,0.0,0,6733,77.57,B
702,ost,halle,148.1,1989,2007.0,1,2,dreifach,gas,17.7,3264,0.176,1,0.99,0.0,1,14752,99.61,B
703,west,einfamilienhaus,136.6,1963,,1,1,zweifach,fernwaerme,23.4,3221,0.083,1,0.94,0.0,1,13234,96.85,B
704,ost,einfamilienhaus,235.7,1963,,6,2,dreifach,pellet,19.6,3103,0.24,0,0.83,0.0,0,22651,96.11,B
705,ost,mehrfamilienhaus,231.3,1951,,3,1,zweifach,gas,19.7,2718,0.133,0,0.84,0.0,0,20348,87.96,B
706,west,einfamilienhaus,217.7,1998,2025.0,4,3,zweifach,waermepumpe,21.1,2873,0.114,0,3.71,2.95,0,16630,76.4,B
707,nord,mehrfamilienhaus,436.0,1982,1982.0,6,1,dreifach,gas,21.0,3477,0.248,0,0.89,7.61,1,49996,114.67,C
708,nord,buero,299.2,1964,,6,1,zweifach,gas,20.6,3122,0.233,1,0.84,0.0,0,30681,102.54,C
709,ost,einfamilienhaus,114.6,1960,1997.0,1,1,dreifach,waermepumpe,21.5,3166,0.159,0,3.12,9.18,0,7891,68.87,B
710,sued,schule,268.0,1954,1982.0,5,1,zweifach,gas,21.2,2635,0.117,0,0.9,5.32,1,31352,116.98,C
711,nord,einfamilienhaus,174.8,1998,2008.0,3,3,zweifach,waermepumpe,23.0,3508,0.135,0,2.86,0.0,1,13456,77.0,B
712,sued,mehrfamilienhaus,156.4,2001,2025.0,5,1,dreifach,gas,20.4,3134,0.158,1,0.92,0.0,0,9954,63.65,B
713,ost,einfamilienhaus,316.7,1997,2005.0,6,2,dreifach,fernwaerme,19.5,2530,0.241,1,0.86,12.2,0,25283,79.82,B
714,sued,mehrfamilienhaus,111.3,1958,1967.0,1,1,alt,fernwaerme,19.8,2974,0.245,0,0.93,0.0,1,11119,99.93,B
715,west,einfamilienhaus,259.7,1953,,5,1,zweifach,waermepumpe,21.1,2567,0.188,1,3.08,0.0,0,22498,86.62,B
716,ost,schule,240.9,1957,1958.0,7,1,zweifach,waermepumpe,21.5,2449,0.213,1,3.15,0.0,0,17782,73.81,B
717,sued,schule,110.3,2006,2025.0,1,4,zweifach,waermepumpe,21.1,2742,0.17,1,3.09,0.0,1,6797,61.62,B
718,ost,mehrfamilienhaus,77.6,2005,,1,2,zweifach,oel,19.5,4079,0.136,0,0.79,,0,7666,98.85,B
719,nord,mehrfamilienhaus,165.9,1972,1974.0,2,1,zweifach,gas,21.8,3621,0.105,0,0.93,0.0,0,19766,119.13,C
720,west,mehrfamilienhaus,42.7,1954,1985.0,1,1,dreifach,fernwaerme,22.8,3587,0.196,1,1.01,0.0,0,3493,81.85,B
721,west,mehrfamilienhaus,282.4,1973,1974.0,4,2,zweifach,fernwaerme,20.5,3313,0.225,0,0.91,0.0,1,24038,85.11,B
722,west,mehrfamilienhaus,203.4,2010,,2,3,alt,gas,22.7,3172,0.154,0,0.88,8.11,1,18338,90.17,B
723,west,mehrfamilienhaus,321.5,1960,1969.0,7,1,dreifach,pellet,21.5,3413,0.239,1,1.0,,0,25318,78.74,B
724,ost,buero,197.0,2009,2025.0,2,2,dreifach,gas,23.2,2876,0.161,1,0.84,0.0,1,17273,87.68,B
725,sued,mehrfamilienhaus,331.7,1984,1999.0,5,2,zweifach,gas,21.1,3115,0.184,0,0.87,0.0,1,31345,94.5,B
726,nord,einfamilienhaus,130.1,1960,,3,2,zweifach,waermepumpe,20.7,3762,0.169,0,3.2,0.0,1,11635,89.45,B
727,west,schule,217.4,2020,,4,2,zweifach,fernwaerme,21.9,3345,0.242,1,1.02,0.0,0,21855,100.55,C
728,sued,einfamilienhaus,143.1,1988,,1,3,dreifach,waermepumpe,20.0,3385,0.205,0,3.05,0.0,0,9341,65.26,B
729,ost,einfamilienhaus,163.5,2000,,1,2,dreifach,gas,21.0,3164,,0,0.8,3.74,1,15505,94.8,B
730,west,halle,179.9,1957,1968.0,3,1,zweifach,oel,20.1,3692,0.184,0,0.83,6.18,0,25139,139.75,C
731,sued,einfamilienhaus,203.1,1977,,2,1,zweifach,fernwaerme,21.5,2877,0.121,0,0.92,2.82,0,19151,94.3,B
732,west,einfamilienhaus,122.0,1997,2015.0,2,1,alt,gas,20.5,3841,0.068,0,0.92,4.34,1,16381,134.28,C
733,west,mehrfamilienhaus,212.6,1998,2024.0,2,2,zweifach,waermepumpe,20.7,3301,0.153,0,2.51,6.49,1,17550,82.56,B
734,west,buero,175.7,1954,1961.0,4,1,zweifach,gas,21.4,2966,0.17,1,0.83,0.0,0,20383,115.98,C
735,sued,einfamilienhaus,89.0,1995,,2,2,zweifach,gas,21.4,2537,0.207,0,0.87,0.0,0,9427,105.95,C
736,sued,mehrfamilienhaus,72.6,2020,2025.0,1,2,zweifach,gas,21.4,2667,0.172,0,0.81,4.3,1,4562,62.8,B
737,west,einfamilienhaus,282.9,2008,,6,3,zweifach,gas,20.9,2764,0.157,0,0.87,0.0,0,29214,103.26,C
738,nord,einfamilienhaus,159.9,1965,1968.0,2,1,dreifach,gas,19.5,3319,0.05,0,0.86,0.0,0,18776,117.46,C
739,nord,einfamilienhaus,84.8,2018,,1,2,dreifach,waermepumpe,19.7,2904,0.206,1,3.91,6.67,0,5805,68.49,B
740,west,einfamilienhaus,357.4,2001,2006.0,5,2,dreifach,fernwaerme,21.1,3552,0.191,0,0.9,9.36,0,33634,94.11,B
741,west,schule,222.5,1954,1991.0,3,2,zweifach,gas,21.9,3139,0.221,1,0.91,0.0,0,21670,97.38,B
742,west,mehrfamilienhaus,200.6,1959,1967.0,3,1,zweifach,fernwaerme,21.3,3125,0.181,0,0.87,0.0,1,23429,116.8,C
743,nord,buero,117.0,2019,2025.0,1,3,dreifach,gas,19.7,2942,0.237,1,0.93,0.0,0,6755,57.73,B
744,ost,schule,88.4,1965,,1,1,zweifach,oel,,2831,0.152,0,0.85,7.22,0,9971,112.79,C
745,west,schule,187.3,1957,1960.0,2,1,zweifach,waermepumpe,19.5,2323,0.178,1,3.19,0.0,0,16328,87.18,B
746,nord,mehrfamilienhaus,170.7,1983,,3,1,zweifach,waermepumpe,18.8,3916,0.192,0,2.69,0.0,0,14188,83.12,B
747,ost,einfamilienhaus,102.8,1989,2008.0,2,3,dreifach,fernwaerme,20.6,2604,0.213,0,0.89,2.13,0,5852,56.95,B
748,ost,buero,101.1,1992,2002.0,3,2,zweifach,gas,22.1,2630,0.201,0,0.93,0.0,1,8694,85.98,B
749,west,mehrfamilienhaus,98.8,1999,2023.0,4,2,alt,gas,20.6,3595,0.204,0,0.89,0.0,1,10483,106.08,C
750,sued,einfamilienhaus,97.3,2024,,3,3,zweifach,waermepumpe,22.8,3086,0.193,0,3.17,11.04,0,5643,58.0,B
751,ost,einfamilienhaus,128.1,2006,2025.0,4,2,alt,fernwaerme,20.3,3142,0.17,1,0.89,0.0,0,15941,124.43,C
752,sued,einfamilienhaus,200.6,1951,1972.0,4,1,zweifach,fernwaerme,20.5,3069,0.225,0,0.86,6.7,0,19116,95.29,B
753,nord,einfamilienhaus,216.3,1956,,6,1,dreifach,pellet,19.3,3684,0.096,0,0.91,0.0,0,21012,97.15,B
754,sued,buero,169.1,1950,1986.0,5,1,zweifach,gas,20.1,2985,0.149,0,0.92,0.0,0,17080,101.02,C
755,sued,mehrfamilienhaus,183.4,1979,,4,3,alt,waermepumpe,19.1,2410,0.26,0,3.43,7.28,0,12819,69.91,B
756,sued,einfamilienhaus,221.1,1976,,5,2,zweifach,fernwaerme,18.6,3207,0.146,0,0.91,0.0,0,25645,116.01,C
757,ost,einfamilienhaus,64.9,2020,2025.0,1,4,alt,gas,19.1,3248,0.176,0,0.89,0.75,0,5881,90.57,B
758,ost,buero,190.0,1977,,3,2,dreifach,gas,20.6,3510,0.249,0,0.78,11.66,1,17618,92.72,B
759,nord,einfamilienhaus,305.5,1952,,5,1,dreifach,fernwaerme,19.6,2913,0.174,1,0.9,6.35,0,28540,93.42,B
760,west,einfamilienhaus,157.9,2016,2025.0,3,3,zweifach,gas,19.9,2845,0.138,0,0.94,0.0,1,11142,70.55,B
761,ost,buero,277.5,1969,1979.0,4,1,zweifach,waermepumpe,21.0,3237,0.24,0,2.75,0.0,0,22164,79.86,B
762,sued,buero,159.3,2018,,2,4,alt,waermepumpe,18.6,2619,0.166,0,,6.26,1,6976,43.79,A
763,ost,mehrfamilienhaus,227.9,2008,,1,3,alt,oel,20.6,2277,0.169,0,0.89,0.0,1,17204,75.5,B
764,west,mehrfamilienhaus,198.7,2016,2025.0,5,3,zweifach,fernwaerme,21.5,3169,0.081,0,0.84,0.0,1,15659,78.79,B
765,west,einfamilienhaus,98.1,2011,2025.0,1,3,zweifach,fernwaerme,21.6,3413,0.174,1,0.95,0.0,1,7968,81.23,B
766,nord,schule,108.7,1960,1981.0,2,2,zweifach,oel,21.5,3305,0.214,1,0.86,9.33,0,11489,105.74,C
767,sued,mehrfamilienhaus,331.7,1996,2012.0,7,1,zweifach,waermepumpe,20.4,3142,0.158,0,3.26,0.0,0,23613,71.19,B
768,sued,mehrfamilienhaus,250.9,1980,1998.0,5,3,zweifach,gas,19.8,3091,0.116,0,0.87,0.0,1,28280,112.72,C
769,west,einfamilienhaus,164.3,1997,2017.0,4,2,alt,pellet,20.4,3104,0.156,0,0.85,9.02,0,14872,90.54,B
770,west,mehrfamilienhaus,154.4,2005,,1,2,zweifach,gas,22.5,3148,0.149,0,0.95,0.0,1,13476,87.29,B
771,sued,einfamilienhaus,117.4,1987,,5,1,alt,gas,20.8,3422,0.167,0,0.76,0.0,1,18866,160.74,C
772,west,einfamilienhaus,206.6,1973,,5,1,alt,waermepumpe,20.4,2763,0.154,0,3.49,0.0,0,21932,106.17,C
773,sued,mehrfamilienhaus,122.0,2018,,2,3,zweifach,gas,21.2,3221,0.263,0,0.87,0.0,1,8434,69.12,B
774,ost,buero,145.2,1999,2019.0,4,2,zweifach,gas,20.6,2687,0.195,0,0.78,,0,12905,88.88,B
775,sued,einfamilienhaus,127.9,2016,2024.0,1,3,dreifach,gas,20.8,2672,0.093,0,0.96,0.0,0,5591,43.72,A
776,sued,buero,243.6,1967,,4,2,zweifach,waermepumpe,20.2,3369,0.184,1,2.5,0.0,1,25793,105.87,C
777,nord,einfamilienhaus,161.1,2012,,4,2,dreifach,fernwaerme,20.0,2927,0.178,1,0.9,9.69,1,12784,79.33,B
778,sued,mehrfamilienhaus,184.0,1974,1976.0,1,1,dreifach,gas,21.7,2865,0.24,0,0.88,0.0,0,13628,74.07,B
779,nord,einfamilienhaus,99.0,1984,2018.0,2,1,zweifach,oel,18.2,4176,0.172,1,0.97,0.0,0,12207,123.32,C
780,nord,einfamilienhaus,127.5,2014,,3,2,alt,gas,21.1,3709,0.171,1,0.88,0.0,1,15614,122.49,C
781,west,schule,185.9,1976,1989.0,5,3,zweifach,pellet,20.3,2842,0.273,0,0.86,0.0,1,15894,85.51,B
782,nord,einfamilienhaus,79.4,1968,1978.0,1,2,zweifach,gas,18.2,3152,0.127,0,0.85,0.0,1,10104,127.18,C
783,west,schule,155.6,2018,2025.0,5,3,alt,fernwaerme,19.7,3040,0.22,0,1.0,0.0,0,15335,98.55,B
784,ost,einfamilienhaus,171.5,2022,2025.0,2,2,zweifach,fernwaerme,20.5,3559,0.183,1,0.92,0.0,0,17067,99.54,B
785,sued,mehrfamilienhaus,93.4,1973,2001.0,1,2,zweifach,fernwaerme,20.6,2599,0.155,1,0.91,0.0,0,7272,77.84,B
786,west,einfamilienhaus,271.8,1972,,3,2,zweifach,pellet,21.4,2728,0.148,0,0.92,0.0,0,31913,117.42,C
787,west,mehrfamilienhaus,202.0,1967,1974.0,2,1,zweifach,gas,21.5,3350,0.248,0,0.96,0.0,1,19754,97.78,B
788,west,schule,160.6,1951,,3,1,zweifach,waermepumpe,19.0,2512,0.203,1,2.89,0.0,0,16726,104.15,C
789,ost,mehrfamilienhaus,123.3,1991,2009.0,1,1,dreifach,oel,21.0,2781,0.21,0,0.85,0.0,0,9062,73.51,B
790,ost,einfamilienhaus,78.1,1969,1981.0,2,1,zweifach,waermepumpe,21.4,3070,0.224,0,3.05,9.01,1,5520,70.66,B
791,sued,buero,262.1,2013,,4,3,dreifach,gas,20.8,2938,0.197,0,0.9,0.0,0,17930,68.41,B
792,west,mehrfamilienhaus,139.0,1962,1970.0,1,1,zweifach,gas,21.1,2622,0.127,1,0.92,0.0,1,11813,84.95,B
793,west,einfamilienhaus,86.8,1997,,1,3,zweifach,gas,18.2,3224,0.101,0,0.92,0.0,0,8638,99.53,B
794,sued,mehrfamilienhaus,121.7,1988,,2,2,alt,gas,19.3,3144,0.257,0,0.88,0.0,0,9698,79.69,B
795,nord,mehrfamilienhaus,211.9,1995,2010.0,3,1,dreifach,pellet,22.1,3118,0.19,0,0.88,8.41,1,15797,74.55,B
796,ost,buero,192.5,1958,,3,1,dreifach,waermepumpe,20.2,3681,0.184,0,2.65,8.9,1,13865,72.04,B
797,west,einfamilienhaus,103.0,1984,2015.0,3,1,zweifach,gas,,3219,0.27,0,0.9,4.92,1,9038,87.78,B
798,sued,einfamilienhaus,283.8,1996,,6,3,dreifach,fernwaerme,19.0,2598,0.127,0,0.97,0.0,0,15036,52.98,B
799,west,halle,86.3,1975,1993.0,1,1,alt,waermepumpe,20.4,3667,0.054,0,3.12,0.0,0,11087,128.5,C
800,sued,mehrfamilienhaus,311.3,2015,2025.0,4,4,alt,gas,19.8,2767,0.089,1,0.98,0.0,1,19426,62.41,B
801,west,mehrfamilienhaus,188.7,1989,2025.0,3,3,dreifach,oel,21.5,3163,0.153,1,0.8,0.81,1,11197,59.33,B
802,west,halle,143.9,1977,2016.0,3,1,zweifach,waermepumpe,18.1,2930,0.186,0,2.57,4.92,0,10026,69.66,B
803,ost,einfamilienhaus,153.2,1952,1952.0,1,1,zweifach,gas,20.6,3318,0.25,0,0.89,6.64,0,17287,112.82,C
804,west,einfamilienhaus,178.9,1962,,2,1,zweifach,fernwaerme,21.2,2931,0.222,0,0.86,0.0,0,16577,92.67,B
805,ost,buero,219.5,1985,2020.0,3,1,zweifach,gas,19.8,2953,0.052,0,0.82,5.51,0,15842,72.17,B
806,ost,mehrfamilienhaus,72.3,1980,,1,3,zweifach,gas,21.5,3044,0.32,0,0.89,0.0,1,4897,67.73,B
807,west,halle,119.9,2015,,1,3,zweifach,waermepumpe,18.2,2924,0.159,0,3.26,0.0,0,8217,68.54,B
808,ost,mehrfamilienhaus,176.3,2008,2022.0,4,3,zweifach,waermepumpe,20.7,3475,0.241,0,2.8,0.0,0,11302,64.12,B
809,ost,einfamilienhaus,288.9,1961,1990.0,3,1,dreifach,pellet,17.3,2660,0.207,0,0.9,0.0,1,23603,81.7,B
810,sued,einfamilienhaus,283.7,1994,2017.0,3,2,dreifach,gas,20.1,2937,0.18,1,0.77,0.0,1,16667,58.74,B
811,west,einfamilienhaus,341.6,1984,2017.0,5,2,dreifach,waermepumpe,22.0,3131,0.168,0,3.73,16.0,1,16952,49.63,A
812,nord,schule,277.4,1957,1971.0,4,2,zweifach,pellet,21.7,3306,0.124,0,0.87,0.0,1,23617,85.13,B
813,sued,einfamilienhaus,115.8,1999,,1,2,dreifach,fernwaerme,21.6,3289,0.116,1,0.9,0.0,1,11146,96.26,B
814,sued,mehrfamilienhaus,171.1,1990,,2,1,alt,pellet,20.6,2424,0.172,0,0.91,5.57,0,18284,106.83,C
815,ost,einfamilienhaus,278.2,1956,,4,2,zweifach,pellet,22.5,3299,0.111,0,0.92,0.0,1,33019,118.7,C
816,sued,einfamilienhaus,265.6,1985,1991.0,4,2,alt,waermepumpe,20.8,2514,0.262,0,3.3,11.19,0,20079,75.61,B
817,sued,einfamilienhaus,156.8,2004,,3,2,zweifach,pellet,19.7,2772,0.185,0,0.89,9.49,0,15801,100.77,C
818,west,mehrfamilienhaus,216.7,1974,1982.0,3,1,dreifach,fernwaerme,21.5,2628,0.285,1,0.88,0.0,0,16499,76.14,B
819,sued,einfamilienhaus,138.7,1976,2013.0,4,2,dreifach,fernwaerme,21.6,2834,0.158,0,0.87,0.0,0,8888,64.08,B
820,west,halle,83.3,1958,1959.0,2,1,dreifach,waermepumpe,19.3,2898,0.15,1,2.87,6.09,1,5668,68.05,B
821,west,schule,163.2,1965,,2,1,alt,waermepumpe,20.4,3673,0.21,0,3.09,0.0,1,20352,124.73,C
822,nord,einfamilienhaus,158.7,2023,,3,3,zweifach,gas,20.8,3434,0.167,0,0.92,1.98,0,15176,95.65,B
823,west,buero,135.7,1996,2017.0,2,2,dreifach,gas,22.2,3254,0.229,0,0.85,0.0,1,10496,77.37,B
824,sued,einfamilienhaus,219.9,1963,1990.0,5,1,alt,gas,21.1,2562,0.252,0,0.79,0.87,1,26498,120.5,C
825,nord,einfamilienhaus,154.4,1986,2002.0,2,2,dreifach,waermepumpe,18.7,3609,0.235,0,2.44,6.88,0,11108,71.94,B
826,sued,einfamilienhaus,205.9,1964,1964.0,4,2,zweifach,gas,19.7,3523,0.248,0,0.93,0.0,1,27095,131.58,C
827,west,buero,241.6,1983,2007.0,4,2,zweifach,gas,19.7,3404,0.221,0,0.88,0.0,0,23812,98.57,B
828,nord,mehrfamilienhaus,461.8,1960,,8,2,alt,fernwaerme,19.6,2891,0.153,1,0.94,0.0,0,47414,102.66,C
829,ost,einfamilienhaus,164.4,1996,2016.0,4,2,dreifach,gas,18.0,2938,0.237,1,0.89,11.03,0,11482,69.82,B
830,sued,mehrfamilienhaus,290.8,1992,,5,2,alt,pellet,22.8,2988,0.215,0,0.87,7.49,1,27554,94.76,B
831,ost,mehrfamilienhaus,191.2,1997,2025.0,3,2,zweifach,fernwaerme,19.4,2898,0.149,0,0.91,0.0,0,11136,58.24,B
832,west,mehrfamilienhaus,196.3,1983,,4,1,dreifach,gas,19.5,3987,0.155,0,0.87,4.29,0,17710,90.22,B
833,nord,mehrfamilienhaus,165.5,1971,,3,2,dreifach,gas,18.2,3181,0.175,0,0.88,0.0,1,18224,110.14,C
834,west,buero,183.6,1968,,5,1,alt,waermepumpe,21.5,3085,0.236,0,3.4,6.49,1,15039,81.91,B
835,west,mehrfamilienhaus,155.1,1966,1973.0,3,1,dreifach,fernwaerme,20.4,2890,0.186,1,0.91,11.23,1,11104,71.61,B
836,ost,einfamilienhaus,267.2,1982,1983.0,4,1,zweifach,oel,20.1,3181,0.18,0,0.87,10.57,0,34151,127.8,C
837,sued,buero,121.9,1983,,1,2,dreifach,gas,20.1,3434,0.172,0,0.87,7.27,1,11103,91.08,B
838,nord,einfamilienhaus,82.9,2000,,1,3,dreifach,waermepumpe,21.2,3390,0.162,0,3.31,0.0,1,5671,68.37,B
839,nord,mehrfamilienhaus,133.6,1953,,3,1,zweifach,waermepumpe,19.9,3273,0.122,0,3.96,0.0,0,14571,109.04,C
840,sued,mehrfamilienhaus,127.2,1971,,1,2,zweifach,waermepumpe,18.1,2574,0.22,1,3.4,0.0,1,8664,68.12,B
841,nord,einfamilienhaus,133.6,2013,2025.0,4,4,alt,oel,19.0,3773,0.129,0,0.75,8.29,0,15455,115.69,C
842,west,einfamilienhaus,161.5,2018,,1,3,zweifach,pellet,18.9,3050,0.183,0,0.93,0.0,1,15692,97.18,B
843,sued,mehrfamilienhaus,133.8,2019,2025.0,2,2,zweifach,waermepumpe,20.8,2885,0.16,0,3.55,0.0,0,10763,80.43,B
844,nord,buero,160.4,1972,1995.0,4,1,dreifach,oel,21.6,2531,0.218,1,0.78,6.25,0,13014,81.12,B
845,ost,buero,134.0,1960,,1,1,alt,pellet,,3055,0.163,0,0.99,9.1,1,14947,111.54,C
846,west,mehrfamilienhaus,207.9,1964,2001.0,6,1,dreifach,waermepumpe,18.5,2960,0.13,0,2.59,10.9,1,13125,63.12,B
847,ost,einfamilienhaus,459.8,1959,1989.0,7,1,zweifach,waermepumpe,21.2,2461,0.229,0,2.82,8.68,0,38567,83.88,B
848,sued,einfamilienhaus,189.4,2021,2025.0,3,3,zweifach,waermepumpe,19.8,3296,0.139,0,3.27,0.0,1,13736,72.51,B
849,nord,buero,136.5,2016,2025.0,3,3,zweifach,oel,24.0,3163,0.188,1,0.85,3.34,1,6995,51.23,B
850,west,einfamilienhaus,55.6,2010,,2,2,zweifach,fernwaerme,22.2,3763,0.244,0,0.89,0.0,0,5888,105.86,C
851,ost,mehrfamilienhaus,385.7,2004,,7,2,dreifach,gas,22.5,3595,0.143,0,0.85,0.0,1,37842,98.12,B
852,sued,einfamilienhaus,194.3,1975,2014.0,4,1,zweifach,fernwaerme,21.5,2698,0.175,1,0.82,0.0,0,15127,77.84,B
853,sued,einfamilienhaus,159.8,1985,2017.0,3,2,zweifach,gas,21.0,3429,0.158,1,0.91,9.68,1,12825,80.27,B
854,ost,mehrfamilienhaus,56.9,2013,2017.0,3,3,alt,gas,20.0,3664,0.187,0,0.95,0.0,0,6171,108.44,C
855,sued,mehrfamilienhaus,163.6,2011,2019.0,3,4,zweifach,pellet,19.8,2754,0.177,0,0.93,0.0,1,11605,70.92,B
856,nord,mehrfamilienhaus,182.9,1988,2019.0,5,2,zweifach,gas,19.5,2989,0.226,1,0.9,,0,13729,75.07,B
857,nord,einfamilienhaus,134.2,2012,,3,2,zweifach,waermepumpe,21.2,2596,0.149,0,2.64,5.92,0,9617,71.64,B
858,nord,buero,89.9,1976,1976.0,1,2,zweifach,gas,22.4,3483,0.244,0,0.91,3.11,1,8374,93.09,B
859,sued,mehrfamilienhaus,87.3,1981,1991.0,5,1,zweifach,gas,20.1,2609,0.26,0,0.85,0.0,0,9297,106.47,C
860,west,buero,388.6,2012,,6,2,alt,gas,19.6,3244,0.193,1,0.85,4.42,1,45084,116.01,C
861,nord,mehrfamilienhaus,180.5,1978,,5,1,alt,oel,18.7,3151,0.14,0,0.85,1.86,0,23671,131.17,C
862,west,einfamilienhaus,134.2,2006,2012.0,2,1,dreifach,oel,20.8,2827,,0,0.76,0.0,0,14502,108.08,C
863,west,mehrfamilienhaus,175.5,1983,1996.0,4,2,dreifach,gas,22.0,2903,0.174,1,0.93,0.0,1,10640,60.62,B
864,nord,mehrfamilienhaus,170.0,1972,1995.0,2,1,zweifach,waermepumpe,22.0,2895,0.269,1,2.77,0.0,0,11861,69.75,B
865,nord,mehrfamilienhaus,85.4,1966,1987.0,2,2,alt,fernwaerme,22.2,3153,0.175,0,0.9,8.45,1,7582,88.77,B
866,ost,mehrfamilienhaus,259.0,1995,2025.0,4,2,zweifach,gas,21.0,2842,0.249,0,0.9,5.79,0,23966,92.53,B
867,nord,einfamilienhaus,157.9,1985,2024.0,5,1,zweifach,gas,20.6,3345,0.186,0,0.93,10.0,1,14270,90.4,B
868,west,schule,181.6,1977,1978.0,4,2,zweifach,gas,22.4,3136,0.182,0,0.92,0.0,1,17566,96.73,B
869,sued,einfamilienhaus,326.6,2005,,7,1,dreifach,gas,19.2,2575,0.162,0,0.87,0.0,0,32568,99.73,B
870,ost,einfamilienhaus,91.2,1950,1956.0,1,1,zweifach,gas,20.0,3485,0.167,0,0.87,0.0,0,11913,130.69,C
871,sued,buero,119.0,1956,,2,2,zweifach,waermepumpe,22.6,2894,0.224,1,3.23,0.0,0,8841,74.27,B
872,ost,einfamilienhaus,199.1,2022,2025.0,4,3,zweifach,waermepumpe,19.2,3626,0.143,0,3.3,0.0,1,14959,75.12,B
873,west,halle,256.6,1999,2025.0,5,3,zweifach,waermepumpe,18.5,3184,0.228,0,3.36,3.11,0,20141,78.48,B
874,sued,einfamilienhaus,128.5,1991,2001.0,3,1,zweifach,waermepumpe,21.3,2974,0.252,0,2.95,0.0,0,9288,72.3,B
875,ost,einfamilienhaus,131.8,1951,1986.0,2,1,dreifach,fernwaerme,20.6,2928,0.15,0,0.95,0.0,0,11702,88.76,B
876,sued,einfamilienhaus,229.0,1994,2009.0,4,2,zweifach,gas,21.9,3165,0.24,0,0.82,0.0,1,26649,116.36,C
877,ost,einfamilienhaus,442.1,1982,2014.0,8,2,dreifach,gas,22.3,3112,0.232,0,0.87,0.0,0,31532,71.32,B
878,west,einfamilienhaus,178.2,1994,2025.0,1,3,zweifach,fernwaerme,21.1,3400,0.223,1,0.9,0.0,0,12363,69.37,B
879,ost,einfamilienhaus,118.9,1953,1973.0,3,1,zweifach,gas,22.2,3662,0.148,0,0.84,0.0,1,14399,121.14,C
880,west,einfamilienhaus,103.5,1991,,1,3,dreifach,gas,19.4,2846,0.174,0,0.91,8.21,1,5964,57.62,B
881,west,einfamilienhaus,161.3,1993,2021.0,2,2,dreifach,pellet,20.3,3315,0.174,1,,0.0,1,16158,100.2,C
882,sued,einfamilienhaus,251.1,1971,1987.0,5,2,zweifach,gas,23.4,3155,0.285,0,0.89,0.0,1,23053,91.8,B
883,sued,einfamilienhaus,536.7,1954,,8,1,dreifach,gas,22.8,3110,0.179,0,0.9,0.0,0,47302,88.14,B
884,sued,einfamilienhaus,149.0,2022,2025.0,4,2,dreifach,pellet,19.0,2798,0.171,0,0.93,0.0,0,12253,82.22,B
885,nord,einfamilienhaus,178.3,2003,2014.0,3,3,zweifach,gas,20.5,3205,0.123,0,0.9,0.0,0,14190,79.56,B
886,west,einfamilienhaus,357.4,1996,,7,1,dreifach,oel,20.7,2896,0.131,0,0.83,0.0,1,41326,115.62,C
887,ost,einfamilienhaus,197.6,2007,2025.0,4,3,zweifach,gas,21.0,2889,0.146,1,0.87,0.0,0,14847,75.13,B
888,west,einfamilienhaus,190.0,2000,,3,2,alt,oel,22.0,2806,0.198,0,0.9,0.0,0,23758,125.01,C
889,sued,einfamilienhaus,324.6,1960,1978.0,5,2,zweifach,pellet,,2913,0.109,0,0.87,0.0,1,24514,75.52,B
890,nord,schule,180.3,1984,2012.0,2,2,alt,waermepumpe,20.9,3085,0.147,0,3.77,0.0,1,18066,100.21,C
891,ost,einfamilienhaus,107.4,2016,,3,3,dreifach,oel,21.8,3252,0.087,0,0.87,0.0,0,9258,86.23,B
892,nord,einfamilienhaus,293.4,1971,1995.0,5,2,dreifach,gas,21.3,3370,0.25,0,0.88,0.0,1,26767,91.24,B
893,nord,mehrfamilienhaus,79.3,2022,,1,2,zweifach,gas,,3409,0.185,0,0.8,0.0,0,6227,78.57,B
894,sued,mehrfamilienhaus,270.3,1954,,2,1,dreifach,fernwaerme,18.5,2854,0.196,0,0.89,0.0,1,21747,80.46,B
895,nord,einfamilienhaus,171.9,1974,1975.0,4,2,zweifach,gas,21.7,3374,0.126,1,0.83,4.5,1,19796,115.18,C
896,west,buero,149.7,1976,,2,2,zweifach,gas,21.2,3013,0.238,0,0.9,0.0,0,12768,85.26,B
897,ost,mehrfamilienhaus,148.0,1996,1996.0,3,2,zweifach,waermepumpe,21.0,3373,0.255,0,3.46,0.0,1,10601,71.64,B
898,sued,halle,161.0,1963,1987.0,4,1,dreifach,waermepumpe,17.3,2795,0.183,0,3.54,0.0,1,15530,96.48,B
899,ost,schule,139.9,1967,,1,2,dreifach,waermepumpe,23.3,3231,0.156,0,2.99,9.37,1,11905,85.1,B
900,nord,mehrfamilienhaus,210.9,1999,2025.0,3,2,alt,waermepumpe,20.7,2893,0.208,0,3.68,7.9,0,17282,81.92,B
901,sued,mehrfamilienhaus,142.1,1971,1978.0,2,1,zweifach,fernwaerme,19.1,3199,0.217,0,0.87,7.51,0,13420,94.41,B
902,ost,einfamilienhaus,67.4,2015,2025.0,2,2,alt,waermepumpe,18.9,2904,0.224,0,2.97,6.65,0,4690,69.6,B
903,sued,buero,172.5,2015,2025.0,4,3,alt,pellet,21.3,2631,0.213,0,1.01,11.6,1,11957,69.34,B
904,sued,mehrfamilienhaus,65.7,1972,2008.0,1,2,alt,gas,21.3,2551,0.228,0,0.84,,0,4497,68.47,B
905,nord,einfamilienhaus,171.9,1991,,4,3,dreifach,oel,19.9,2924,0.145,0,0.86,0.0,0,13600,79.1,B
906,ost,einfamilienhaus,138.6,1974,,4,2,zweifach,gas,21.1,2931,0.226,0,0.96,0.0,1,15651,112.92,C
907,ost,mehrfamilienhaus,261.0,1975,1989.0,4,2,alt,pellet,21.3,3625,0.157,0,,0.0,0,29918,114.63,C
908,nord,mehrfamilienhaus,152.6,2000,,2,3,dreifach,pellet,20.7,3125,0.055,0,0.92,0.0,0,8534,55.92,B
909,west,buero,243.4,1971,2000.0,5,2,dreifach,waermepumpe,19.7,2327,0.157,0,3.59,,1,11784,48.41,A
910,nord,einfamilienhaus,230.6,1961,1993.0,4,2,zweifach,gas,21.7,3478,0.152,0,0.81,5.86,0,24981,108.33,C
911,ost,buero,233.6,1969,1991.0,5,2,zweifach,pellet,21.5,2710,0.192,0,0.87,0.0,0,16408,70.26,B
912,sued,einfamilienhaus,337.3,2019,2025.0,6,3,zweifach,gas,21.2,3235,0.222,0,0.89,0.0,0,25381,75.24,B
913,sued,mehrfamilienhaus,155.1,1969,1994.0,1,1,dreifach,gas,19.5,2803,0.19,0,0.87,0.0,0,15014,96.78,B
914,west,einfamilienhaus,177.1,1977,,4,2,zweifach,fernwaerme,18.9,3004,0.28,1,0.94,0.0,0,15388,86.87,B
915,west,einfamilienhaus,208.3,1997,2025.0,5,3,alt,waermepumpe,20.6,3519,0.154,1,3.17,0.0,1,16306,78.26,B
916,west,einfamilienhaus,179.7,1957,1996.0,3,2,zweifach,waermepumpe,21.6,3316,0.081,1,4.18,0.0,0,16246,90.42,B
917,sued,einfamilienhaus,152.8,1970,,1,2,zweifach,gas,21.7,2514,0.194,0,0.96,7.86,0,11199,73.3,B
918,ost,einfamilienhaus,111.9,1963,1980.0,2,2,zweifach,oel,21.2,2715,0.153,1,0.89,11.27,1,9934,88.81,B
919,nord,buero,173.4,2019,2025.0,3,3,zweifach,oel,20.0,2726,0.126,0,0.82,0.0,1,14804,85.38,B
920,west,einfamilienhaus,83.1,2019,,1,3,zweifach,gas,19.5,4011,0.165,0,0.91,0.0,1,7249,87.25,B
921,ost,mehrfamilienhaus,63.7,2006,2025.0,1,2,dreifach,waermepumpe,20.5,2798,0.141,1,3.39,12.35,1,2665,41.85,A
922,ost,mehrfamilienhaus,100.4,1968,1995.0,1,2,alt,gas,20.5,3509,0.146,0,0.93,3.98,0,10046,100.07,C
923,sued,einfamilienhaus,232.3,1996,,5,2,zweifach,gas,21.8,2764,0.256,0,0.89,0.0,1,21463,92.4,B
924,west,buero,191.8,1999,2025.0,3,2,zweifach,oel,19.9,2722,0.186,0,0.87,0.0,1,20890,108.89,C
925,sued,buero,233.4,2015,,2,3,dreifach,waermepumpe,20.0,2958,0.167,1,3.82,0.0,1,9154,39.22,A
926,nord,buero,124.0,1961,,2,2,zweifach,waermepumpe,23.0,3236,0.26,0,3.59,0.0,0,10441,84.22,B
927,west,buero,273.5,2005,,4,2,dreifach,gas,22.4,3381,0.165,0,1.02,0.0,1,27124,99.18,B
928,nord,mehrfamilienhaus,87.4,1964,1971.0,2,2,dreifach,gas,19.4,3635,0.118,0,0.92,0.0,0,6762,77.41,B
929,west,halle,102.1,1992,,1,1,alt,pellet,20.3,2893,0.114,0,0.92,0.0,0,12660,124.0,C
930,ost,einfamilienhaus,271.2,2015,,4,3,zweifach,fernwaerme,19.2,2596,0.176,1,0.96,0.0,1,19965,73.61,B
931,west,einfamilienhaus,185.5,1954,1985.0,2,2,alt,gas,20.0,2681,0.098,0,0.86,6.66,0,17937,96.72,B
932,west,mehrfamilienhaus,234.0,1961,1976.0,3,2,alt,gas,20.1,2301,0.121,0,0.88,0.0,0,20481,87.51,B
933,ost,einfamilienhaus,192.2,2010,,3,3,zweifach,pellet,20.4,3004,0.161,1,0.87,0.0,0,18285,95.13,B
934,west,mehrfamilienhaus,132.1,1951,,2,2,dreifach,waermepumpe,21.2,3096,0.237,0,2.99,0.0,0,7493,56.73,B
935,nord,einfamilienhaus,96.7,2001,2022.0,1,2,zweifach,gas,20.6,2950,0.245,1,0.87,4.83,0,8831,91.36,B
936,nord,einfamilienhaus,70.5,1987,2015.0,1,2,zweifach,gas,21.2,2908,0.213,1,0.86,7.71,1,6646,94.25,B
937,ost,schule,372.0,1975,1978.0,6,2,alt,gas,20.4,3094,0.18,0,0.94,0.0,1,50394,135.48,C
938,sued,einfamilienhaus,77.9,2014,,4,3,zweifach,gas,,2729,0.151,1,0.92,0.0,1,6943,89.11,B
939,nord,einfamilienhaus,319.4,2013,2025.0,4,2,zweifach,gas,20.6,3275,0.199,1,0.93,0.0,0,28837,90.28,B
940,sued,mehrfamilienhaus,180.8,1974,2005.0,2,1,zweifach,gas,18.8,2821,0.269,0,0.82,0.0,0,10638,58.85,B
941,west,buero,194.9,1950,,7,1,dreifach,gas,21.1,3187,0.187,0,0.88,0.0,1,20384,104.56,C
942,west,buero,189.1,1959,,4,2,alt,gas,20.6,2902,0.157,1,0.9,0.0,0,22510,119.04,C
943,nord,einfamilienhaus,220.5,1958,1981.0,2,1,dreifach,fernwaerme,19.6,3179,0.172,0,0.87,0.0,0,21385,96.97,B
944,sued,buero,118.5,2023,,3,3,dreifach,oel,20.0,2291,0.167,0,0.81,5.84,1,8166,68.89,B
945,nord,mehrfamilienhaus,60.2,1994,,1,2,zweifach,waermepumpe,20.0,3332,0.207,1,3.62,0.0,0,4170,69.28,B
946,ost,buero,130.8,2000,2025.0,3,3,dreifach,gas,20.2,3131,0.142,0,0.94,11.45,0,8151,62.31,B
947,west,einfamilienhaus,211.9,1967,2000.0,3,2,zweifach,waermepumpe,22.6,3038,0.2,0,3.28,0.0,0,20838,98.32,B
948,west,einfamilienhaus,102.5,2013,2025.0,1,2,zweifach,waermepumpe,23.0,3769,0.208,0,3.31,0.0,1,9173,89.45,B
949,nord,mehrfamilienhaus,276.7,2004,,7,2,dreifach,pellet,17.2,3407,0.197,1,0.89,11.11,0,27510,99.44,B
950,nord,mehrfamilienhaus,162.3,2006,2025.0,3,3,alt,gas,21.1,3295,0.126,1,0.86,0.0,1,16663,102.64,C
951,ost,einfamilienhaus,98.3,1985,1991.0,3,1,dreifach,gas,21.6,3275,0.173,1,0.85,0.0,1,8357,85.02,B
952,ost,mehrfamilienhaus,184.6,2002,2025.0,4,3,dreifach,fernwaerme,20.2,3840,0.154,1,0.95,0.0,1,14084,76.29,B
953,nord,mehrfamilienhaus,210.3,1990,2024.0,3,3,zweifach,gas,21.6,3438,0.176,0,0.86,0.0,0,14161,67.34,B
954,nord,einfamilienhaus,217.3,1978,2017.0,4,3,zweifach,gas,22.5,2572,0.147,0,0.81,0.0,0,12324,56.7,B
955,ost,mehrfamilienhaus,43.3,1994,,2,3,dreifach,gas,18.9,3251,0.242,0,0.92,0.0,1,2875,66.39,B
956,nord,einfamilienhaus,41.3,1974,1988.0,1,2,dreifach,fernwaerme,20.7,3042,0.189,0,0.92,0.0,1,4138,100.29,C
957,west,buero,271.4,2021,2025.0,7,4,dreifach,waermepumpe,22.8,2427,0.099,1,3.72,6.53,0,8774,32.33,A
958,west,mehrfamilienhaus,84.4,2003,2025.0,2,1,dreifach,gas,19.0,3694,0.114,0,0.84,0.0,0,5610,66.48,B
959,sued,mehrfamilienhaus,271.6,2005,2013.0,5,2,zweifach,pellet,20.4,3469,0.24,0,0.85,0.0,1,20186,74.33,B
960,ost,schule,283.4,2003,2024.0,5,3,zweifach,waermepumpe,20.4,2783,0.171,1,3.27,0.0,1,20109,70.96,B
961,west,mehrfamilienhaus,96.8,1983,2008.0,2,2,zweifach,gas,21.8,2785,0.161,1,0.93,0.0,1,6547,67.67,B
962,nord,einfamilienhaus,105.6,2021,,1,4,dreifach,oel,21.9,3406,0.236,0,0.78,12.7,1,3870,36.66,A
963,west,mehrfamilienhaus,239.6,1965,,4,1,alt,gas,20.7,2790,0.172,0,0.86,0.0,0,22675,94.65,B
964,nord,halle,142.6,1992,2001.0,3,2,dreifach,waermepumpe,18.5,3303,0.12,0,3.73,0.0,1,12332,86.5,B
965,west,einfamilienhaus,303.2,1955,1971.0,5,1,dreifach,waermepumpe,18.4,2850,0.124,0,3.62,0.0,1,27142,89.52,B
966,nord,mehrfamilienhaus,343.4,1972,1981.0,6,1,dreifach,waermepumpe,22.2,3210,0.211,1,,0.0,0,23315,67.89,B
967,west,einfamilienhaus,98.2,1993,,2,2,zweifach,waermepumpe,20.1,2608,0.281,0,3.1,0.0,0,8035,81.79,B
968,nord,buero,117.5,1986,1993.0,3,2,zweifach,gas,20.3,3639,0.222,0,0.84,0.0,0,13924,118.54,C
969,west,mehrfamilienhaus,180.2,2020,,4,2,zweifach,pellet,21.7,3521,0.161,0,0.88,0.0,0,15305,84.92,B
970,sued,schule,59.5,1996,,1,3,alt,pellet,,2915,0.169,0,0.87,0.0,1,5643,94.84,B
971,nord,mehrfamilienhaus,71.4,1980,,1,2,zweifach,waermepumpe,21.7,3337,0.182,1,3.31,0.0,0,4777,66.91,B
972,west,einfamilienhaus,111.4,1982,,4,2,dreifach,oel,21.2,3320,0.079,0,0.77,0.0,1,11793,105.87,C
973,nord,mehrfamilienhaus,400.3,1995,2025.0,7,1,zweifach,gas,20.7,3351,0.181,0,,3.89,0,37068,92.6,B
974,sued,schule,193.1,2009,,3,1,dreifach,gas,21.3,3555,0.209,0,0.83,0.0,0,18267,94.61,B
975,ost,einfamilienhaus,126.3,1970,,2,1,zweifach,gas,19.2,2639,0.269,0,0.96,0.0,1,13092,103.67,C
976,west,einfamilienhaus,105.2,1993,2013.0,1,4,alt,fernwaerme,20.3,3401,0.235,0,0.98,0.0,0,10447,99.31,B
977,west,mehrfamilienhaus,96.3,1993,,3,3,zweifach,waermepumpe,21.8,3060,0.276,0,3.22,2.42,1,6368,66.16,B
978,ost,mehrfamilienhaus,130.5,1950,1967.0,4,1,alt,pellet,19.4,2708,0.264,1,0.89,0.0,0,15523,118.92,C
979,west,einfamilienhaus,127.1,2018,,3,3,dreifach,gas,19.6,3886,0.25,0,0.87,0.0,1,12912,101.58,C
980,west,einfamilienhaus,154.4,1992,,2,2,zweifach,gas,19.4,3935,0.181,0,0.84,9.23,1,17669,114.43,C
981,sued,einfamilienhaus,215.0,1968,2004.0,4,1,dreifach,gas,20.7,2877,0.197,0,0.85,9.64,0,17366,80.78,B
982,ost,mehrfamilienhaus,165.5,1997,,3,3,dreifach,pellet,22.2,3256,0.096,0,0.91,0.0,0,9010,54.44,B
983,ost,einfamilienhaus,246.3,2000,,4,2,zweifach,waermepumpe,21.2,2935,0.187,0,3.58,0.0,1,15389,62.49,B
984,nord,mehrfamilienhaus,149.3,2018,,3,3,dreifach,fernwaerme,17.9,3241,0.208,0,1.02,0.0,0,12326,82.54,B
985,ost,buero,356.1,1952,,5,1,dreifach,fernwaerme,21.3,2704,0.166,0,0.97,0.0,0,27082,76.05,B
986,nord,einfamilienhaus,243.5,1981,,4,2,dreifach,fernwaerme,20.0,2902,0.103,1,0.96,0.0,1,14750,60.58,B
987,west,mehrfamilienhaus,190.6,1963,,3,1,dreifach,gas,21.1,3745,0.259,0,0.88,0.0,0,21251,111.48,C
988,sued,einfamilienhaus,215.3,1993,,4,1,dreifach,gas,20.3,2936,0.2,1,0.87,0.0,1,20814,96.67,B
989,sued,einfamilienhaus,132.2,1987,,1,2,zweifach,gas,19.5,2968,0.266,1,0.83,8.18,0,13585,102.79,C
990,nord,mehrfamilienhaus,153.3,1985,2011.0,3,1,zweifach,gas,20.4,3066,0.217,0,0.88,5.28,1,13550,88.42,B
991,nord,mehrfamilienhaus,150.5,2023,,1,3,zweifach,fernwaerme,20.0,3416,0.248,0,0.98,0.0,1,10338,68.68,B
992,west,schule,119.5,1989,,1,3,dreifach,gas,21.3,2574,0.238,0,0.9,5.85,0,7923,66.32,B
993,sued,einfamilienhaus,89.0,1980,1983.0,1,2,zweifach,waermepumpe,19.4,2679,0.146,0,2.12,8.87,1,6199,69.68,B
994,west,einfamilienhaus,220.8,1955,,2,2,zweifach,fernwaerme,19.2,2680,0.155,0,0.92,2.38,0,18567,84.1,B
995,sued,einfamilienhaus,264.6,1971,1978.0,6,2,dreifach,fernwaerme,21.4,3403,0.159,0,0.94,3.18,0,27905,105.46,C
996,nord,mehrfamilienhaus,206.3,2017,,2,4,zweifach,pellet,21.8,2772,0.132,0,0.87,3.24,1,14077,68.25,B
997,sued,einfamilienhaus,165.3,1983,2000.0,2,1,zweifach,gas,21.2,2537,0.268,0,0.9,0.0,1,17192,104.01,C
998,sued,schule,433.5,2018,2025.0,8,3,alt,fernwaerme,20.1,2233,0.182,0,0.88,0.0,1,28930,66.74,B
999,nord,buero,125.6,1989,,1,2,dreifach,gas,19.6,3038,0.203,0,0.98,0.0,1,8035,63.99,B
1000,sued,mehrfamilienhaus,193.6,1991,,3,3,dreifach,waermepumpe,19.7,2789,0.113,0,2.94,0.0,0,12767,65.93,B
1001,nord,einfamilienhaus,282.6,1982,1997.0,3,2,zweifach,fernwaerme,21.6,3692,0.221,1,0.92,10.89,1,22414,79.3,B
1002,ost,einfamilienhaus,100.8,1991,1998.0,3,3,dreifach,gas,19.5,3022,0.16,0,0.96,7.74,1,6713,66.62,B
1003,nord,mehrfamilienhaus,228.7,1955,1955.0,5,1,alt,gas,21.6,3206,0.243,0,0.91,0.0,0,28578,124.96,C
1004,sued,mehrfamilienhaus,367.4,1954,1984.0,7,2,zweifach,waermepumpe,21.3,3055,0.146,1,3.24,0.0,0,25988,70.73,B
1005,sued,schule,171.7,1985,,4,2,zweifach,waermepumpe,22.4,2795,0.247,0,2.44,0.0,0,13606,79.25,B
1006,nord,mehrfamilienhaus,185.6,1994,2003.0,3,2,zweifach,waermepumpe,21.8,4193,0.227,0,2.78,0.0,0,17563,94.61,B
1007,west,einfamilienhaus,125.9,1991,,1,2,alt,oel,21.2,2893,0.157,0,0.83,0.0,1,14206,112.84,C
1008,west,einfamilienhaus,214.2,1982,1992.0,3,2,zweifach,fernwaerme,18.7,3245,0.251,0,0.91,0.0,0,24439,114.11,C
1009,ost,einfamilienhaus,118.1,1972,,4,2,dreifach,fernwaerme,21.2,3389,0.237,0,0.93,,1,10325,87.4,B
1010,nord,schule,167.0,2003,2007.0,4,2,dreifach,gas,21.0,3133,0.204,0,0.86,0.0,1,14098,84.43,B
1011,ost,buero,84.1,1995,,1,2,alt,fernwaerme,20.1,3158,0.13,0,0.92,0.0,1,8113,96.42,B
1012,nord,buero,49.2,1953,1981.0,1,1,zweifach,fernwaerme,22.1,3175,0.22,0,0.94,0.0,1,4769,96.95,B
1013,west,buero,137.5,1983,2019.0,2,1,dreifach,waermepumpe,20.3,3196,0.183,1,3.18,11.54,1,11762,85.52,B
1014,west,einfamilienhaus,136.5,2003,2014.0,1,3,alt,oel,19.9,3135,0.182,1,0.87,0.0,0,13405,98.19,B
1015,nord,mehrfamilienhaus,143.0,2008,2025.0,3,2,zweifach,oel,21.8,3301,0.184,0,0.85,0.0,1,15456,108.07,C
1016,sued,mehrfamilienhaus,240.0,1971,1991.0,4,1,dreifach,pellet,20.0,2546,,1,0.89,0.0,1,12477,51.98,B
1017,ost,einfamilienhaus,268.1,2019,2025.0,3,3,zweifach,waermepumpe,19.8,3752,0.137,0,3.16,0.0,1,17747,66.19,B
1018,nord,mehrfamilienhaus,197.4,1998,,2,3,zweifach,gas,19.1,3555,0.104,1,0.78,8.17,1,14896,75.45,B
1019,ost,mehrfamilienhaus,232.2,1982,2014.0,2,1,zweifach,waermepumpe,19.5,2544,0.094,1,3.47,0.0,0,18467,79.54,B
1020,nord,schule,119.7,1997,2025.0,2,2,zweifach,gas,20.0,3203,0.195,0,0.79,0.0,1,11634,97.2,B
1021,nord,einfamilienhaus,106.8,2015,2025.0,2,3,zweifach,waermepumpe,21.2,2801,0.059,0,3.02,0.0,1,8100,75.86,B
1022,ost,schule,216.2,1967,1976.0,3,1,dreifach,gas,19.7,3367,0.216,0,0.91,0.0,0,22395,103.58,C
1023,ost,schule,100.2,1961,1986.0,2,2,zweifach,oel,18.7,3092,0.205,0,0.8,0.0,1,11496,114.77,C
1024,ost,schule,95.2,1983,2020.0,2,1,zweifach,pellet,21.3,3101,0.165,0,0.91,0.0,1,9083,95.41,B
1025,sued,einfamilienhaus,545.6,1956,1957.0,8,1,dreifach,gas,19.7,2655,0.231,1,0.9,0.0,1,65171,119.44,C
1026,ost,einfamilienhaus,176.9,2012,2024.0,3,3,alt,waermepumpe,20.5,2990,0.167,0,2.94,0.0,1,11106,62.8,B
1027,sued,mehrfamilienhaus,136.6,2022,2025.0,1,2,zweifach,fernwaerme,22.0,3226,0.201,0,0.94,0.0,1,9425,69.02,B
1028,ost,einfamilienhaus,129.5,1995,1999.0,2,1,zweifach,gas,20.6,3470,0.082,0,0.9,0.0,1,14291,110.37,C
1029,west,einfamilienhaus,85.2,2023,2025.0,1,3,zweifach,pellet,22.3,3396,0.068,0,0.94,0.0,0,7248,85.07,B
1030,nord,buero,195.5,1955,1964.0,4,2,alt,fernwaerme,20.4,2807,0.168,0,0.91,11.1,0,15921,81.44,B
1031,sued,einfamilienhaus,149.2,1997,2004.0,1,1,alt,waermepumpe,21.7,2885,0.201,0,3.45,4.8,0,17750,119.0,C
1032,nord,einfamilienhaus,264.5,1983,1985.0,6,3,zweifach,waermepumpe,19.8,3439,0.228,0,3.78,0.0,0,22353,84.5,B
1033,ost,schule,219.4,1970,2009.0,3,1,zweifach,gas,21.0,2843,0.171,0,0.87,0.0,1,24051,109.64,C
1034,sued,einfamilienhaus,146.8,1973,1991.0,4,2,dreifach,gas,19.4,2369,0.192,0,0.83,0.0,1,11781,80.24,B
1035,west,schule,65.6,1990,2021.0,1,1,dreifach,gas,19.9,2650,0.219,0,0.82,0.0,0,5171,78.88,B
1036,west,einfamilienhaus,177.1,1998,2008.0,2,2,zweifach,fernwaerme,20.2,3625,0.174,1,0.86,0.0,0,18375,103.77,C
1037,sued,einfamilienhaus,169.8,1962,1987.0,3,1,zweifach,gas,18.9,2533,0.209,1,0.87,2.72,1,17223,101.46,C
1038,ost,einfamilienhaus,60.2,1996,,2,1,zweifach,oel,20.7,3117,0.124,1,0.89,9.86,0,6545,108.73,C
1039,west,einfamilienhaus,207.7,2019,2025.0,5,4,dreifach,waermepumpe,20.1,3045,0.097,1,2.87,7.45,0,7671,36.94,A
1040,nord,einfamilienhaus,98.6,1950,1970.0,2,1,alt,gas,20.8,3296,0.153,0,0.8,0.0,1,12499,126.71,C
1041,sued,buero,271.1,2015,2023.0,7,2,zweifach,waermepumpe,18.9,2838,0.219,0,3.64,0.0,1,22249,82.08,B
1042,west,schule,165.0,1995,2004.0,2,3,alt,oel,21.7,3376,0.144,1,0.93,0.0,0,19945,120.87,C
1043,ost,einfamilienhaus,127.8,1975,,3,3,zweifach,gas,22.5,3112,0.213,1,0.9,11.08,0,6687,52.32,B
1044,sued,einfamilienhaus,188.7,2005,,2,3,dreifach,gas,22.3,2731,0.129,1,0.91,0.0,0,11583,61.38,B
1045,nord,mehrfamilienhaus,183.3,1996,1997.0,4,1,alt,gas,22.8,3368,0.151,0,0.92,0.0,0,26023,141.95,C
1046,nord,mehrfamilienhaus,180.2,2007,2014.0,1,3,dreifach,fernwaerme,20.6,2903,0.192,0,0.96,5.67,0,9168,50.87,B
1047,west,einfamilienhaus,254.2,1956,1973.0,3,1,zweifach,gas,20.1,3267,0.147,1,0.85,0.0,0,28821,113.37,C
1048,nord,einfamilienhaus,194.1,1954,,4,2,zweifach,waermepumpe,21.1,3112,0.155,0,3.46,0.0,0,13017,67.08,B
1049,ost,einfamilienhaus,122.6,1998,2020.0,1,1,dreifach,waermepumpe,20.2,2882,0.05,0,3.99,0.0,0,7333,59.79,B
1050,sued,mehrfamilienhaus,151.3,1972,1984.0,3,1,dreifach,gas,18.4,3130,0.222,1,0.85,0.0,1,11322,74.86,B
1051,ost,einfamilienhaus,316.7,1967,1978.0,6,1,zweifach,waermepumpe,21.5,2957,0.174,1,2.39,9.75,0,30062,94.92,B
1052,nord,mehrfamilienhaus,117.7,1981,,1,2,dreifach,pellet,20.2,3227,0.133,0,0.9,11.37,0,7614,64.71,B
1053,nord,einfamilienhaus,206.1,2004,,2,2,zweifach,gas,18.7,3759,0.272,0,0.87,2.14,0,23412,113.59,C
1054,sued,einfamilienhaus,258.6,1963,1970.0,4,2,zweifach,pellet,19.9,2609,0.141,0,0.92,5.8,0,20217,78.17,B
1055,ost,mehrfamilienhaus,215.4,2022,2025.0,2,3,alt,gas,20.2,3274,0.154,0,0.84,0.0,1,22430,104.14,C
1056,west,einfamilienhaus,177.6,1981,2018.0,3,2,zweifach,waermepumpe,20.5,3432,0.132,0,3.33,6.72,0,12224,68.83,B
1057,ost,buero,190.4,1961,1997.0,3,1,zweifach,gas,20.5,3508,0.235,0,0.83,0.0,1,20621,108.29,C
1058,west,mehrfamilienhaus,221.7,1955,,3,2,zweifach,waermepumpe,22.1,3862,0.252,1,3.52,0.0,1,18007,81.21,B
1059,ost,buero,117.0,2014,2025.0,4,2,alt,waermepumpe,19.0,2875,0.247,0,2.99,0.0,0,9490,81.09,B
1060,ost,einfamilienhaus,170.3,1958,1994.0,2,2,zweifach,pellet,20.3,2796,0.246,0,1.0,3.12,1,16062,94.34,B
1061,west,einfamilienhaus,432.3,1981,2008.0,8,3,zweifach,pellet,19.4,3386,0.15,0,0.92,6.77,0,45311,104.82,C
1062,west,einfamilienhaus,209.1,2000,2010.0,2,3,zweifach,gas,22.0,3429,0.264,0,0.94,0.0,0,20597,98.52,B
1063,ost,mehrfamilienhaus,180.5,1988,2008.0,3,3,zweifach,fernwaerme,19.8,2823,0.17,1,0.85,5.03,0,16881,93.53,B
1064,ost,mehrfamilienhaus,144.3,1969,2003.0,4,1,zweifach,gas,20.1,3270,0.103,0,0.79,0.0,1,12445,86.23,B
1065,west,einfamilienhaus,117.6,1958,1984.0,3,1,zweifach,gas,21.8,4053,0.159,0,0.9,0.0,1,16317,138.72,C
1066,nord,einfamilienhaus,193.4,2003,2017.0,3,3,zweifach,gas,,3387,0.196,0,0.83,0.0,1,15046,77.81,B
1067,ost,einfamilienhaus,199.6,1986,1992.0,4,2,dreifach,pellet,22.3,3423,0.148,0,,9.05,1,21676,108.59,C
1068,sued,einfamilienhaus,165.0,1953,,3,1,zweifach,waermepumpe,18.5,3502,0.187,0,2.74,3.55,1,17343,105.09,C
1069,west,einfamilienhaus,517.2,1963,1978.0,8,1,zweifach,gas,21.1,3976,0.207,1,0.9,0.0,0,62694,121.21,C
1070,sued,mehrfamilienhaus,122.3,1992,2024.0,3,1,dreifach,pellet,20.8,3036,0.201,1,0.89,0.0,1,9492,77.61,B
1071,sued,halle,109.6,1962,1984.0,4,2,zweifach,waermepumpe,18.4,3389,0.213,1,2.91,0.0,0,11624,106.1,C
1072,west,einfamilienhaus,145.3,1979,1981.0,3,1,zweifach,gas,20.6,2824,0.171,0,0.9,0.0,1,16914,116.43,C
1073,nord,einfamilienhaus,167.5,1959,,3,2,alt,oel,22.0,3359,0.144,0,0.88,0.0,0,21240,126.83,C
1074,west,einfamilienhaus,114.9,2009,2025.0,3,3,dreifach,waermepumpe,21.7,2944,0.106,1,2.82,4.49,0,6118,53.25,B
1075,nord,einfamilienhaus,191.2,1997,2012.0,1,2,dreifach,waermepumpe,21.6,2690,0.176,0,3.53,0.0,0,10632,55.6,B
1076,sued,mehrfamilienhaus,200.8,2008,2025.0,4,3,dreifach,oel,20.7,2389,0.153,0,0.93,7.52,0,8656,43.1,A
1077,sued,einfamilienhaus,233.9,1953,,3,1,alt,fernwaerme,23.2,3101,0.174,1,0.94,,1,29941,127.99,C
1078,ost,halle,134.7,1978,,2,2,zweifach,gas,18.0,3257,0.076,0,0.89,10.31,0,15414,114.45,C
1079,sued,buero,304.2,1970,2006.0,8,1,zweifach,fernwaerme,18.6,2585,0.104,0,1.05,0.0,0,32498,106.85,C
1080,west,mehrfamilienhaus,226.6,1996,2016.0,3,3,dreifach,gas,20.2,3645,0.205,1,0.85,0.0,1,15421,68.04,B
1081,sued,schule,121.2,2011,2025.0,1,2,zweifach,gas,21.0,2562,0.098,1,1.01,0.0,1,10593,87.42,B
1082,nord,mehrfamilienhaus,114.6,1967,,3,1,dreifach,gas,22.1,3440,0.17,1,0.89,0.0,1,8644,75.4,B
1083,nord,halle,149.8,2007,2025.0,1,2,zweifach,fernwaerme,17.9,3205,0.138,1,0.93,0.0,1,17416,116.24,C
1084,sued,einfamilienhaus,201.0,1993,,3,2,zweifach,oel,21.1,2987,0.135,0,0.83,0.0,0,19679,97.88,B
1085,sued,halle,214.6,2011,2022.0,5,3,dreifach,oel,16.7,3264,0.184,0,0.85,0.0,0,22114,103.05,C
1086,ost,einfamilienhaus,226.4,1956,,4,1,dreifach,gas,21.8,3365,0.181,0,0.87,0.0,0,24018,106.06,C
1087,nord,einfamilienhaus,418.8,2024,2025.0,5,4,dreifach,pellet,20.6,3598,0.207,0,0.94,0.0,0,28007,66.88,B
1088,sued,schule,69.3,1982,,2,2,zweifach,gas,20.6,3153,0.125,0,0.85,0.0,0,7930,114.36,C
1089,ost,einfamilienhaus,73.6,1971,1987.0,1,2,zweifach,oel,23.1,2655,0.136,0,0.93,3.49,1,4648,63.13,B
1090,nord,einfamilienhaus,163.0,1963,,5,1,dreifach,gas,21.8,3747,0.236,0,0.88,0.0,0,17230,105.73,C
1091,ost,einfamilienhaus,401.8,2023,2025.0,6,3,zweifach,waermepumpe,19.3,2729,0.169,0,2.8,13.34,1,28150,70.06,B
1092,sued,einfamilienhaus,238.9,2016,,5,3,dreifach,oel,20.4,2913,0.198,1,0.8,0.0,1,24963,104.49,C
1093,west,einfamilienhaus,106.5,1959,1974.0,4,1,dreifach,oel,23.8,2977,0.155,1,0.78,0.0,0,10555,99.08,B
1094,sued,einfamilienhaus,186.8,1983,2019.0,2,2,zweifach,waermepumpe,22.9,3073,0.203,0,3.19,0.0,0,7953,42.57,A
1095,nord,mehrfamilienhaus,158.5,2005,,2,1,zweifach,waermepumpe,21.6,3180,0.056,1,3.33,0.0,0,12295,77.55,B
1096,west,buero,156.0,1994,,3,1,dreifach,fernwaerme,18.3,3045,0.238,0,0.97,0.0,1,13666,87.63,B
1097,ost,einfamilienhaus,133.5,1964,,1,1,zweifach,oel,22.1,3667,0.157,0,0.88,6.26,0,18633,139.56,C
1098,west,buero,179.9,1977,1995.0,3,2,zweifach,pellet,19.7,2647,0.118,1,0.84,0.0,1,15100,83.93,B
1099,ost,mehrfamilienhaus,277.8,1977,2003.0,4,2,alt,pellet,22.1,3099,0.127,1,0.97,5.76,0,23195,83.51,B
1100,west,buero,139.0,1971,,2,2,zweifach,waermepumpe,19.6,2710,0.167,0,3.7,0.0,1,11534,82.98,B
1101,west,buero,227.2,2022,2025.0,4,3,dreifach,waermepumpe,21.1,3336,0.174,1,3.24,3.5,0,13765,60.58,B
1102,west,schule,245.6,1965,1967.0,4,1,zweifach,waermepumpe,20.1,2846,0.187,1,2.98,0.0,0,20782,84.61,B
1103,nord,einfamilienhaus,303.0,2002,2025.0,5,2,zweifach,pellet,20.1,3363,0.12,0,0.84,6.17,0,31559,104.16,C
1104,west,mehrfamilienhaus,113.8,2018,2025.0,1,2,dreifach,gas,21.2,2636,0.224,0,0.9,0.0,1,5966,52.44,B
1105,sued,schule,173.4,2009,2025.0,2,3,zweifach,pellet,19.3,3402,0.154,1,0.88,11.52,0,12827,73.97,B
1106,ost,mehrfamilienhaus,126.6,2009,2011.0,2,1,dreifach,waermepumpe,23.3,3125,,0,3.52,0.0,1,7221,57.05,B
1107,sued,einfamilienhaus,180.1,1961,1981.0,3,1,zweifach,fernwaerme,19.3,2998,0.169,0,0.94,4.14,0,18462,102.54,C
1108,sued,mehrfamilienhaus,179.5,1959,,2,1,dreifach,oel,19.2,3240,0.213,0,0.76,0.0,1,19113,106.48,C
1109,west,buero,101.3,2008,2025.0,2,2,dreifach,gas,21.3,2662,0.178,0,0.89,2.33,1,4073,40.19,A
1110,west,einfamilienhaus,184.9,2006,2008.0,1,3,dreifach,waermepumpe,22.1,2885,,0,3.64,0.0,0,12370,66.89,B
1111,ost,mehrfamilienhaus,429.0,2005,2017.0,6,3,zweifach,fernwaerme,20.1,3160,0.164,0,0.91,0.0,0,31637,73.75,B
1112,sued,buero,215.0,1981,,3,1,zweifach,gas,19.2,2333,0.241,0,0.97,0.0,1,18230,84.8,B
1113,nord,mehrfamilienhaus,92.3,1989,1990.0,1,2,zweifach,fernwaerme,19.4,2771,0.233,1,0.89,7.31,0,6372,69.04,B
1114,ost,einfamilienhaus,110.6,1951,,4,1,alt,gas,19.3,2813,0.198,0,0.89,9.46,0,11947,108.02,C
1115,west,mehrfamilienhaus,169.4,1971,1991.0,3,1,dreifach,fernwaerme,20.9,2701,0.187,0,0.87,0.0,0,9099,53.72,B
1116,sued,mehrfamilienhaus,111.8,1989,,2,2,dreifach,fernwaerme,20.4,2830,0.296,0,0.92,0.0,1,6335,56.69,B
1117,west,einfamilienhaus,295.4,1959,1996.0,4,2,zweifach,fernwaerme,21.0,3283,0.203,0,0.97,0.0,0,23516,79.62,B
1118,sued,mehrfamilienhaus,87.5,1959,1967.0,1,1,zweifach,gas,20.9,3212,0.189,0,0.86,0.0,1,7270,83.09,B
1119,ost,einfamilienhaus,215.7,1953,,2,1,zweifach,gas,21.5,3733,0.17,0,0.87,4.5,0,22700,105.25,C
1120,sued,buero,79.6,1965,,1,1,zweifach,gas,20.0,2942,0.198,0,0.94,0.0,0,9202,115.54,C
1121,nord,buero,168.2,2024,,2,3,zweifach,fernwaerme,19.6,3404,0.05,0,0.87,0.0,0,11674,69.42,B
1122,west,buero,104.6,2002,2019.0,1,2,zweifach,pellet,20.7,3091,0.231,0,0.91,0.0,1,8312,79.49,B
1123,west,mehrfamilienhaus,233.7,2021,2025.0,1,3,zweifach,waermepumpe,20.4,3212,0.116,1,3.78,0.0,1,16635,71.18,B
1124,west,einfamilienhaus,272.3,1969,1981.0,3,1,dreifach,waermepumpe,20.8,3239,0.144,0,2.9,0.73,0,25043,91.95,B
1125,west,mehrfamilienhaus,200.8,1994,2025.0,5,2,zweifach,gas,19.6,3423,0.11,0,0.93,0.0,1,17477,87.05,B
1126,sued,einfamilienhaus,278.2,2016,2016.0,6,3,zweifach,gas,21.3,3271,0.143,0,0.83,0.0,0,23152,83.22,B
1127,sued,mehrfamilienhaus,54.3,1976,2002.0,2,2,dreifach,waermepumpe,19.1,3132,0.163,1,3.7,3.77,0,3130,57.61,B
1128,west,einfamilienhaus,183.9,1999,2025.0,5,4,dreifach,fernwaerme,20.0,3629,0.224,0,0.77,0.0,0,16710,90.88,B
1129,ost,mehrfamilienhaus,214.3,2001,2022.0,4,1,zweifach,gas,21.9,3109,0.244,1,0.89,0.0,1,20402,95.22,B
1130,west,mehrfamilienhaus,227.0,2012,,3,2,dreifach,fernwaerme,19.1,2886,0.277,1,0.95,0.0,0,17840,78.6,B
1131,nord,einfamilienhaus,69.9,2022,2025.0,1,2,dreifach,waermepumpe,21.8,3193,0.185,0,2.62,6.9,1,5422,77.59,B
1132,west,einfamilienhaus,208.5,1996,2025.0,5,2,dreifach,gas,18.8,3063,0.169,0,0.91,0.0,0,17872,85.71,B
1133,sued,einfamilienhaus,229.3,1993,2001.0,4,2,alt,gas,18.6,2571,0.219,1,0.8,0.0,1,28639,124.91,C
1134,west,einfamilienhaus,182.9,2015,2025.0,6,3,zweifach,fernwaerme,18.7,2885,0.137,0,0.91,0.0,1,15389,84.14,B
1135,sued,einfamilienhaus,92.7,2001,,1,2,dreifach,gas,20.6,2551,0.132,0,0.88,0.0,0,7353,79.32,B
1136,sued,buero,133.1,1977,1990.0,5,2,zweifach,oel,21.4,3070,0.162,1,0.87,6.03,1,11822,88.84,B
1137,west,schule,296.1,1997,,5,2,zweifach,waermepumpe,22.5,3224,0.178,0,3.86,6.58,1,21696,73.28,B
1138,ost,halle,280.6,1991,2011.0,6,1,zweifach,pellet,20.0,2481,0.077,0,0.88,5.38,1,26569,94.7,B
1139,nord,einfamilienhaus,212.5,1967,,6,1,zweifach,gas,21.5,3121,0.233,0,0.91,0.0,0,27463,129.26,C
1140,nord,einfamilienhaus,236.0,1988,1995.0,3,2,zweifach,gas,19.5,3989,0.192,0,0.87,0.0,0,31722,134.43,C
1141,sued,einfamilienhaus,265.3,1996,2012.0,4,2,dreifach,fernwaerme,19.5,3170,0.22,1,0.93,7.55,0,25417,95.82,B
1142,sued,mehrfamilienhaus,211.3,2017,,2,3,zweifach,gas,21.4,3109,0.101,1,0.88,0.0,1,16160,76.46,B
1143,sued,mehrfamilienhaus,292.1,1993,2010.0,3,2,zweifach,waermepumpe,22.2,2718,0.147,1,3.15,0.0,0,20125,68.89,B
1144,nord,buero,287.6,1962,,6,1,zweifach,waermepumpe,19.3,3451,0.144,0,2.91,0.0,0,30850,107.26,C
1145,nord,mehrfamilienhaus,493.7,2024,2025.0,8,2,zweifach,oel,22.1,3345,0.17,1,0.84,0.0,1,47282,95.77,B
1146,west,mehrfamilienhaus,135.6,1993,1999.0,2,2,zweifach,waermepumpe,18.2,2821,0.178,1,2.83,0.0,1,9044,66.69,B
1147,sued,halle,136.7,1971,,3,1,zweifach,gas,19.0,2777,0.223,0,0.93,0.0,0,13845,101.25,C
1148,nord,einfamilienhaus,46.0,2006,2018.0,1,3,dreifach,fernwaerme,20.4,3185,0.185,0,0.88,0.0,0,2889,62.78,B
1149,nord,buero,204.2,1978,2010.0,5,2,alt,pellet,20.3,2829,0.143,0,0.91,0.0,0,20174,98.81,B
1150,nord,mehrfamilienhaus,390.5,1977,2011.0,6,2,zweifach,gas,,2887,0.289,0,0.94,,0,38494,98.59,B
1151,west,einfamilienhaus,302.9,2012,2025.0,6,2,zweifach,gas,19.5,3030,0.167,0,0.8,0.0,0,33734,111.37,C
1152,sued,schule,249.4,2015,2025.0,5,3,alt,waermepumpe,21.4,2653,0.135,0,3.19,4.6,0,18369,73.64,B
1153,sued,buero,312.6,1989,2000.0,7,2,dreifach,oel,20.6,2845,0.086,0,0.91,0.0,0,35179,112.53,C
1154,sued,buero,216.0,1977,,3,1,alt,gas,,2388,0.185,0,0.86,0.0,1,22869,105.86,C
1155,west,einfamilienhaus,150.6,2014,,1,2,dreifach,gas,22.4,3380,0.215,0,0.95,3.01,0,14776,98.09,B
1156,ost,einfamilienhaus,436.8,1962,1990.0,7,2,dreifach,oel,20.7,3828,0.123,0,0.76,0.0,0,49979,114.43,C
1157,ost,mehrfamilienhaus,208.8,2006,2025.0,4,3,zweifach,fernwaerme,19.5,3460,0.211,0,0.85,9.05,0,11777,56.4,B
1158,ost,einfamilienhaus,284.7,1993,,4,2,zweifach,oel,19.1,3496,0.184,1,0.72,0.0,1,34154,119.96,C
1159,west,einfamilienhaus,54.2,2014,2025.0,1,2,dreifach,gas,22.5,3319,0.091,0,0.94,0.0,0,5169,95.42,B
1160,sued,einfamilienhaus,58.4,1981,1983.0,1,2,dreifach,gas,22.4,3043,0.211,1,0.92,0.0,0,4572,78.27,B
1161,sued,einfamilienhaus,186.5,2012,2025.0,1,2,dreifach,fernwaerme,21.6,2980,0.167,1,0.91,0.0,0,11899,63.8,B
1162,west,mehrfamilienhaus,111.8,1951,1983.0,3,1,alt,waermepumpe,20.6,2780,0.124,0,3.3,0.0,0,10057,89.97,B
1163,nord,mehrfamilienhaus,194.4,2006,2025.0,3,2,zweifach,fernwaerme,21.5,3592,0.228,1,0.92,0.0,0,15449,79.46,B
1164,ost,einfamilienhaus,136.7,1955,1991.0,2,1,zweifach,fernwaerme,22.1,3321,0.227,0,0.92,8.72,1,16486,120.64,C
1165,sued,mehrfamilienhaus,528.8,1998,,8,2,alt,waermepumpe,19.8,2788,0.123,0,3.83,0.0,0,58452,110.53,C
1166,west,einfamilienhaus,274.1,1964,,6,2,alt,gas,20.5,3284,0.195,1,0.88,,1,35360,128.98,C
1167,nord,einfamilienhaus,326.8,2022,,5,3,dreifach,gas,19.2,3107,0.19,0,0.78,0.0,0,28372,86.81,B
1168,ost,mehrfamilienhaus,63.2,2007,2011.0,1,2,dreifach,gas,20.3,2879,0.177,0,0.86,4.19,1,4375,69.26,B
1169,west,mehrfamilienhaus,247.9,1957,,4,1,alt,gas,22.4,3371,0.154,0,0.84,,1,30132,121.55,C
1170,sued,einfamilienhaus,158.8,2016,2025.0,3,3,zweifach,pellet,21.8,3101,0.173,0,0.86,5.49,0,9756,61.42,B
1171,sued,mehrfamilienhaus,329.8,1968,,7,2,zweifach,gas,20.7,2869,0.227,1,0.82,0.0,1,28118,85.26,B
1172,ost,einfamilienhaus,231.3,1990,2014.0,5,1,zweifach,waermepumpe,17.3,2978,0.2,1,3.35,0.0,0,22938,99.17,B
1173,nord,mehrfamilienhaus,169.5,1956,1985.0,4,1,zweifach,gas,19.7,3411,0.084,0,0.89,0.0,1,19513,115.1,C
1174,ost,einfamilienhaus,97.1,1957,1972.0,2,1,dreifach,oel,20.6,2458,0.073,0,0.89,0.0,0,6457,66.5,B
1175,ost,mehrfamilienhaus,184.9,1968,1992.0,1,2,zweifach,gas,20.2,2835,0.087,1,0.9,8.36,1,13288,71.88,B
1176,west,mehrfamilienhaus,292.9,1990,2011.0,4,2,dreifach,gas,20.5,2657,0.112,0,0.91,0.0,0,16801,57.36,B
1177,sued,einfamilienhaus,338.8,1990,2013.0,5,2,zweifach,gas,20.8,2954,0.142,0,0.87,0.0,0,36381,107.38,C
1178,west,mehrfamilienhaus,146.1,2014,2025.0,2,2,dreifach,fernwaerme,19.9,3481,0.157,0,0.84,0.0,0,9085,62.18,B
1179,nord,buero,486.6,1962,,7,1,zweifach,fernwaerme,20.5,3517,0.177,1,0.98,0.0,0,54624,112.25,C
1180,ost,einfamilienhaus,282.2,2006,2025.0,2,1,dreifach,waermepumpe,,2921,0.178,0,3.66,0.0,1,17560,62.22,B
1181,west,mehrfamilienhaus,112.8,1950,1973.0,1,1,zweifach,waermepumpe,19.7,2853,0.178,0,2.83,,1,9690,85.88,B
1182,nord,buero,101.3,1971,1976.0,1,2,zweifach,fernwaerme,22.7,3086,0.237,0,0.9,0.0,0,9829,97.04,B
1183,nord,einfamilienhaus,163.5,1963,1971.0,3,3,zweifach,pellet,19.9,4050,0.096,1,0.9,0.0,1,18104,110.72,C
1184,ost,schule,145.9,1959,,1,1,dreifach,gas,18.2,3124,0.197,0,0.88,0.0,0,16732,114.65,C
1185,nord,einfamilienhaus,216.8,1993,2000.0,4,2,dreifach,gas,22.6,3420,0.196,0,0.9,0.0,1,23198,106.99,C
1186,nord,mehrfamilienhaus,175.9,2017,2025.0,2,3,alt,oel,19.5,2611,0.117,0,0.92,0.0,0,10256,58.29,B
1187,ost,schule,151.7,2000,,4,3,alt,fernwaerme,22.0,2687,0.207,1,0.91,0.0,0,15197,100.19,C
1188,west,halle,81.6,2014,2025.0,1,2,zweifach,fernwaerme,17.7,3085,0.199,0,0.87,0.0,0,7573,92.78,B
1189,nord,mehrfamilienhaus,234.6,1994,2024.0,5,2,zweifach,fernwaerme,21.2,3176,0.178,0,1.03,0.0,0,15192,64.76,B
1190,sued,mehrfamilienhaus,78.6,1954,,2,2,zweifach,waermepumpe,20.4,2997,0.059,0,3.65,12.82,1,4150,52.81,B
1191,sued,einfamilienhaus,282.7,1975,1983.0,3,1,zweifach,gas,21.7,2992,0.228,0,0.84,0.0,1,33576,118.78,C
1192,sued,einfamilienhaus,66.1,2011,2025.0,1,2,zweifach,waermepumpe,20.2,3160,0.191,1,2.78,6.91,0,5448,82.44,B
1193,sued,buero,76.6,1953,1983.0,1,1,alt,fernwaerme,19.7,2296,0.2,0,0.93,0.0,0,6078,79.32,B
1194,nord,einfamilienhaus,112.6,1957,,2,1,alt,fernwaerme,20.8,2963,0.05,0,0.89,0.0,0,14592,129.6,C
1195,nord,buero,140.0,2012,2025.0,1,2,zweifach,gas,20.0,3315,0.153,0,0.81,0.0,1,15665,111.93,C
1196,sued,einfamilienhaus,126.9,1954,1969.0,3,1,dreifach,gas,18.2,2723,0.108,0,1.01,0.0,0,14501,114.28,C
1197,west,einfamilienhaus,139.7,2021,2025.0,1,3,alt,oel,19.8,2991,0.245,0,0.82,0.0,1,7966,57.03,B
1198,ost,einfamilienhaus,196.2,2006,2025.0,3,4,zweifach,waermepumpe,23.9,3138,0.125,1,3.49,4.37,1,15509,79.04,B
1199,sued,mehrfamilienhaus,113.8,1999,2001.0,3,2,alt,oel,18.3,2689,0.254,0,0.82,0.0,0,13538,118.96,C
1200,west,einfamilienhaus,197.1,1990,1994.0,4,2,alt,gas,20.8,3167,0.228,0,0.82,0.0,1,19058,96.71,B
1201,west,einfamilienhaus,54.4,1956,,1,2,alt,waermepumpe,20.2,3290,0.191,0,4.5,0.0,0,4997,91.78,B
1202,west,halle,111.8,1981,2010.0,2,1,dreifach,waermepumpe,20.7,3123,0.237,1,2.7,0.0,1,10872,97.21,B
1203,sued,buero,75.0,2010,,1,2,zweifach,pellet,19.2,3202,0.133,1,0.86,0.0,0,7316,97.53,B
1204,west,buero,281.1,2017,2025.0,7,3,zweifach,fernwaerme,20.6,2339,0.142,1,0.9,2.62,0,15258,54.27,B
1205,sued,einfamilienhaus,120.8,1983,1998.0,1,2,alt,fernwaerme,21.3,2745,0.226,0,0.81,3.12,0,12028,99.58,B
1206,sued,einfamilienhaus,227.8,2012,,3,3,zweifach,oel,20.3,3262,0.133,0,0.89,0.0,1,24451,107.35,C
1207,west,mehrfamilienhaus,69.4,2008,2012.0,5,2,zweifach,waermepumpe,19.6,2797,0.114,0,3.16,5.84,0,3618,52.15,B
1208,ost,einfamilienhaus,336.1,1954,,5,1,zweifach,oel,20.5,2750,0.164,0,0.83,0.0,1,38945,115.86,C
1209,west,einfamilienhaus,180.7,1996,2004.0,1,2,dreifach,gas,20.1,3056,0.136,0,0.83,10.6,0,15894,87.94,B
1210,west,schule,416.6,1996,2013.0,6,3,zweifach,pellet,20.5,3094,0.273,0,0.93,0.0,0,33092,79.44,B
1211,sued,einfamilienhaus,171.2,1990,2012.0,1,1,dreifach,waermepumpe,21.6,2763,0.219,0,2.88,0.0,1,8663,50.62,B
1212,nord,schule,82.1,2007,2013.0,2,2,dreifach,fernwaerme,21.4,3995,,0,0.94,0.0,0,7100,86.52,B
1213,west,einfamilienhaus,105.5,2016,2025.0,3,2,zweifach,fernwaerme,,3200,0.13,0,0.88,0.0,0,8263,78.3,B
1214,ost,einfamilienhaus,153.9,1991,2025.0,1,2,zweifach,waermepumpe,20.9,2784,0.197,0,2.89,0.0,0,9324,60.57,B
1215,sued,einfamilienhaus,107.4,1974,1975.0,1,2,dreifach,gas,21.7,2446,0.239,0,0.85,0.0,0,5355,49.87,A
1216,nord,schule,268.0,2023,2025.0,6,3,dreifach,gas,22.5,3492,0.195,0,0.99,0.0,0,21679,80.89,B
1217,west,mehrfamilienhaus,178.2,2022,,1,3,alt,gas,20.2,2776,0.132,0,0.84,0.0,0,16780,94.17,B
1218,west,buero,108.0,2001,2025.0,1,2,alt,gas,21.5,3853,0.108,0,0.84,0.0,1,11198,103.69,C
1219,nord,einfamilienhaus,248.7,1998,2025.0,4,1,zweifach,gas,18.9,3500,0.161,0,0.9,0.0,1,27104,108.99,C
1220,sued,buero,144.5,1957,1985.0,2,1,alt,waermepumpe,17.8,3146,0.196,0,3.09,0.0,0,15214,105.32,C
1221,west,mehrfamilienhaus,243.4,1980,2008.0,4,1,dreifach,gas,22.7,3187,,0,0.93,0.0,1,17166,70.54,B
1222,nord,mehrfamilienhaus,133.8,1964,1970.0,1,2,dreifach,waermepumpe,20.1,3743,0.23,0,3.18,8.49,0,9941,74.3,B
1223,nord,buero,220.4,1988,2008.0,4,3,dreifach,waermepumpe,20.8,2512,0.206,1,3.49,0.0,0,8313,37.72,A
1224,ost,buero,142.1,2011,2025.0,2,4,zweifach,gas,19.0,2679,0.192,1,0.89,0.0,0,7548,53.12,B
1225,west,mehrfamilienhaus,268.1,1966,1999.0,5,1,dreifach,waermepumpe,19.0,3462,0.205,0,3.2,5.15,0,18553,69.21,B
1226,sued,einfamilienhaus,70.0,2024,2025.0,1,3,dreifach,oel,19.6,3475,0.111,0,0.78,0.0,0,6374,91.03,B
1227,nord,buero,93.6,1959,,2,2,zweifach,waermepumpe,21.3,2918,0.155,0,3.47,0.0,0,6610,70.64,B
1228,ost,einfamilienhaus,160.5,1957,1979.0,1,2,dreifach,fernwaerme,19.9,2463,0.128,0,0.97,6.88,0,14083,87.76,B
1229,ost,halle,123.3,2023,2025.0,3,3,zweifach,gas,18.1,3159,0.199,1,0.8,9.54,0,10965,88.92,B
1230,nord,einfamilienhaus,140.1,1957,1996.0,2,2,dreifach,gas,19.6,3520,0.129,1,0.86,0.0,0,15292,109.19,C
1231,sued,einfamilienhaus,232.4,2005,,4,2,alt,waermepumpe,21.9,3002,0.184,0,3.07,0.0,0,21568,92.83,B
1232,nord,einfamilienhaus,138.7,2007,2024.0,4,3,zweifach,gas,21.5,3329,0.172,1,0.97,4.95,0,9621,69.38,B
1233,west,mehrfamilienhaus,200.4,1974,,2,1,zweifach,waermepumpe,19.9,2452,0.21,0,3.67,7.26,1,13180,65.77,B
1234,sued,einfamilienhaus,111.5,1954,,3,1,dreifach,gas,21.3,2819,0.12,1,0.85,0.0,0,9142,82.01,B
1235,west,buero,63.9,1973,1980.0,3,1,zweifach,fernwaerme,20.2,3021,0.203,0,0.96,0.0,0,4876,76.34,B
1236,nord,mehrfamilienhaus,242.7,1955,1960.0,5,1,zweifach,oel,20.1,3158,0.127,0,0.84,0.0,0,30602,126.11,C
1237,sued,einfamilienhaus,373.1,2000,,5,2,dreifach,gas,20.4,2278,0.132,1,0.85,0.0,1,27222,72.97,B
1238,west,mehrfamilienhaus,190.6,2016,2025.0,1,3,zweifach,gas,21.3,3305,0.173,0,0.96,6.88,1,11143,58.45,B
1239,sued,buero,164.6,2024,2025.0,4,3,dreifach,gas,19.4,3253,0.24,1,0.9,2.09,1,11767,71.48,B
1240,nord,schule,181.2,2010,2025.0,3,3,zweifach,waermepumpe,21.5,3072,0.138,0,3.06,5.61,0,11462,63.24,B
1241,nord,einfamilienhaus,313.7,2008,2018.0,4,2,zweifach,waermepumpe,23.5,3285,0.091,1,2.86,0.0,1,29445,93.85,B
1242,sued,schule,191.7,2016,2025.0,5,2,zweifach,gas,21.1,2776,0.133,1,0.89,11.46,0,16895,88.13,B
1243,sued,einfamilienhaus,248.3,2007,2015.0,3,3,alt,oel,20.5,2779,0.161,0,0.82,0.0,1,23201,93.45,B
1244,west,mehrfamilienhaus,243.1,1998,2010.0,4,2,dreifach,gas,20.4,3273,0.273,0,0.92,0.0,1,20677,85.07,B
1245,west,buero,278.9,2024,2024.0,5,2,zweifach,waermepumpe,21.1,3281,0.199,1,3.39,3.27,0,20497,73.49,B
1246,sued,einfamilienhaus,162.9,1974,,1,1,zweifach,waermepumpe,18.6,3326,0.142,0,2.96,0.0,1,16449,100.95,C
1247,west,einfamilienhaus,133.0,1980,2014.0,2,2,dreifach,waermepumpe,22.5,3469,0.173,0,2.19,0.0,0,11325,85.18,B
1248,sued,mehrfamilienhaus,221.5,2017,2025.0,5,3,dreifach,waermepumpe,21.7,2890,0.259,0,2.9,0.0,1,7754,35.0,A
1249,nord,einfamilienhaus,269.5,1973,,5,1,zweifach,gas,19.7,4200,0.168,0,0.91,0.0,0,37049,137.48,C
1250,nord,einfamilienhaus,293.9,1972,2002.0,6,1,zweifach,gas,20.5,3892,0.169,0,0.85,0.0,0,39822,135.47,C
1251,west,einfamilienhaus,332.4,1961,,7,2,dreifach,waermepumpe,19.8,2870,0.16,0,3.04,0.0,1,23054,69.36,B
1252,ost,buero,258.0,1970,1995.0,4,1,dreifach,gas,20.9,3144,0.215,0,0.89,0.0,0,27523,106.69,C
1253,west,einfamilienhaus,129.6,1994,2022.0,1,2,dreifach,gas,20.6,2405,0.154,0,0.79,6.83,1,5405,41.72,A
1254,nord,mehrfamilienhaus,190.5,2016,2022.0,2,3,dreifach,gas,20.8,3360,0.224,0,0.88,0.0,0,11832,62.1,B
1255,nord,halle,182.6,1960,1964.0,4,2,dreifach,waermepumpe,17.3,3936,0.233,0,3.5,0.0,0,16885,92.45,B
1256,west,buero,173.4,2001,2003.0,1,3,dreifach,waermepumpe,19.9,4073,0.211,0,2.96,0.0,0,15531,89.58,B
1257,west,mehrfamilienhaus,221.7,2007,2025.0,3,1,dreifach,pellet,21.9,3058,0.169,0,0.93,0.0,1,18250,82.3,B
1258,west,mehrfamilienhaus,155.9,2017,,3,4,dreifach,gas,19.9,3217,0.11,0,0.92,0.0,1,9810,62.9,B
1259,nord,einfamilienhaus,156.1,2006,2010.0,4,3,zweifach,gas,17.3,3562,0.169,1,0.85,0.0,0,17473,111.96,C
1260,ost,einfamilienhaus,384.2,1961,1981.0,6,3,alt,gas,20.3,3793,0.147,0,0.82,4.45,0,42462,110.52,C
1261,sued,einfamilienhaus,167.0,1986,,2,1,zweifach,waermepumpe,23.4,2606,0.141,1,3.4,0.0,0,17230,103.19,C
1262,west,einfamilienhaus,277.9,2021,,5,2,dreifach,gas,21.5,4029,0.168,0,0.98,9.72,0,25719,92.54,B
1263,nord,einfamilienhaus,285.6,2018,2025.0,5,3,dreifach,pellet,19.8,3239,0.204,1,,0.0,1,24521,85.84,B
1264,sued,mehrfamilienhaus,193.0,1995,,3,2,alt,fernwaerme,20.4,2540,0.149,1,0.89,0.0,1,18236,94.49,B
1265,nord,einfamilienhaus,158.9,2022,2025.0,4,3,zweifach,waermepumpe,21.3,3240,0.111,1,,7.59,1,10636,66.92,B
1266,sued,einfamilienhaus,113.6,2000,,1,3,alt,waermepumpe,18.4,2667,0.132,0,3.05,0.0,0,10553,92.92,B
1267,nord,buero,78.1,1954,1968.0,1,1,zweifach,oel,19.5,3497,0.265,1,0.89,0.0,1,10610,135.88,C
1268,west,einfamilienhaus,229.3,2018,2025.0,4,3,zweifach,waermepumpe,21.0,2522,0.207,1,3.4,6.89,1,12697,55.38,B
1269,nord,mehrfamilienhaus,207.7,1962,1970.0,3,2,alt,gas,22.4,3400,0.132,1,0.99,0.0,1,21863,105.26,C
1270,sued,einfamilienhaus,245.3,1978,1993.0,5,2,zweifach,waermepumpe,20.0,3182,0.244,0,2.98,0.0,1,22215,90.55,B
1271,west,mehrfamilienhaus,136.9,1967,,2,1,dreifach,waermepumpe,22.4,3619,0.168,0,2.67,0.0,0,10089,73.67,B
1272,ost,einfamilienhaus,403.3,2003,2018.0,8,3,zweifach,fernwaerme,19.6,3338,0.294,0,0.98,0.0,1,37238,92.34,B
1273,ost,einfamilienhaus,216.4,1952,1978.0,4,2,alt,gas,16.4,3597,0.193,1,0.87,6.36,0,33618,155.36,C
1274,sued,buero,164.0,1998,2002.0,3,3,dreifach,pellet,21.4,2738,0.208,1,1.0,1.95,0,10816,65.95,B
1275,sued,einfamilienhaus,62.3,2014,2019.0,1,2,zweifach,pellet,21.1,3088,0.222,1,0.91,0.0,0,5434,87.29,B
1276,sued,einfamilienhaus,144.2,2009,,2,1,dreifach,fernwaerme,21.4,2170,0.254,0,0.89,6.62,1,8282,57.44,B
1277,sued,einfamilienhaus,250.9,1973,1991.0,6,1,zweifach,pellet,21.3,2910,0.158,1,0.87,0.0,1,28267,112.68,C
1278,nord,mehrfamilienhaus,328.2,2017,2025.0,6,2,dreifach,fernwaerme,20.7,3485,0.25,0,0.87,3.82,1,17141,52.22,B
1279,west,einfamilienhaus,176.2,1977,,2,2,dreifach,gas,20.2,3267,0.149,0,0.89,5.71,1,13507,76.65,B
1280,nord,mehrfamilienhaus,354.1,2001,2006.0,6,2,dreifach,oel,20.2,2799,0.162,0,0.78,0.0,1,29732,83.95,B
1281,sued,mehrfamilienhaus,109.6,1988,,1,2,dreifach,gas,19.9,2813,0.18,0,0.89,0.0,1,8829,80.54,B
1282,west,mehrfamilienhaus,210.7,1955,1971.0,3,1,alt,fernwaerme,20.0,3012,0.226,0,0.9,0.0,0,23378,110.97,C
1283,west,buero,213.5,1950,1985.0,5,1,dreifach,waermepumpe,18.3,2950,0.163,0,3.06,5.95,0,16302,76.36,B
1284,nord,einfamilienhaus,230.1,1963,1979.0,4,2,alt,gas,19.0,3604,0.263,0,0.92,0.0,0,33193,144.23,C
1285,nord,buero,187.7,2020,,3,2,zweifach,gas,20.3,3274,0.246,0,0.96,7.62,1,19477,103.79,C
1286,sued,einfamilienhaus,205.3,2021,,1,3,zweifach,waermepumpe,17.8,2985,0.182,0,3.33,1.82,1,14265,69.49,B
1287,ost,einfamilienhaus,108.4,1980,1987.0,1,2,dreifach,waermepumpe,18.1,2929,0.132,0,2.35,0.0,1,6235,57.51,B
1288,sued,mehrfamilienhaus,313.1,2022,,6,3,zweifach,pellet,20.1,3323,0.23,0,0.94,9.65,1,26691,85.26,B
1289,sued,mehrfamilienhaus,264.9,1953,1992.0,5,2,zweifach,gas,20.3,3349,0.075,0,0.89,0.0,0,32212,121.59,C
1290,ost,einfamilienhaus,201.5,2022,2025.0,5,3,dreifach,waermepumpe,20.1,2992,0.217,0,3.06,0.0,1,9234,45.83,A
1291,ost,halle,267.9,1967,1969.0,4,2,dreifach,gas,15.6,4098,0.139,0,0.89,0.0,0,33879,126.47,C
1292,sued,schule,317.9,1952,1979.0,5,2,zweifach,gas,22.8,2682,0.243,1,0.91,9.09,1,27782,87.4,B
1293,west,einfamilienhaus,228.6,2006,,2,3,zweifach,waermepumpe,18.8,3453,0.111,1,2.36,0.0,1,24966,109.24,C
1294,ost,mehrfamilienhaus,424.7,1978,,7,1,zweifach,oel,19.5,2767,0.147,0,0.8,6.4,0,40267,94.82,B
1295,nord,buero,237.6,1971,1982.0,2,1,zweifach,waermepumpe,19.0,3621,0.202,0,4.28,6.58,0,22350,94.08,B
1296,ost,schule,116.3,2006,2018.0,1,3,zweifach,gas,22.5,3343,0.21,0,0.93,0.0,0,9105,78.32,B
1297,sued,mehrfamilienhaus,196.7,1974,1974.0,2,1,alt,gas,21.0,2596,0.149,1,0.83,9.71,1,16058,81.62,B
1298,west,einfamilienhaus,272.9,2006,2006.0,6,3,zweifach,fernwaerme,19.9,3054,0.163,0,0.93,0.0,1,18772,68.8,B
1299,west,mehrfamilienhaus,318.0,1964,1995.0,5,1,dreifach,gas,19.8,3754,0.228,0,0.92,0.0,0,34477,108.41,C
1300,west,einfamilienhaus,189.5,1956,1974.0,3,1,alt,gas,20.7,2815,0.23,1,0.96,7.91,1,24787,130.78,C
1301,sued,mehrfamilienhaus,112.0,1974,1981.0,1,2,zweifach,gas,19.0,3091,0.162,0,0.84,4.09,0,8761,78.2,B
1302,west,mehrfamilienhaus,157.3,1995,2012.0,1,2,alt,gas,21.0,3217,0.15,1,0.88,0.0,0,18363,116.71,C
1303,ost,mehrfamilienhaus,90.3,1966,1993.0,3,2,zweifach,waermepumpe,19.8,3085,0.112,1,3.73,0.0,1,4269,47.29,A
1304,sued,einfamilienhaus,249.2,1960,1989.0,2,2,dreifach,gas,21.1,2344,0.193,0,,0.0,0,13704,55.0,B
1305,sued,mehrfamilienhaus,143.3,2006,2017.0,2,2,alt,fernwaerme,21.1,3240,0.221,1,0.9,,0,11697,81.6,B
1306,west,mehrfamilienhaus,124.8,1986,1992.0,2,2,dreifach,fernwaerme,19.8,3104,0.188,0,0.89,0.0,1,9023,72.33,B
1307,west,einfamilienhaus,260.7,1982,,5,2,zweifach,fernwaerme,18.0,3486,0.134,0,0.88,0.0,0,28163,108.01,C
1308,ost,einfamilienhaus,350.7,1967,1992.0,5,1,zweifach,fernwaerme,20.2,3181,0.269,0,0.95,3.13,0,39051,111.36,C
1309,west,einfamilienhaus,124.5,1951,1990.0,1,2,zweifach,waermepumpe,18.8,3123,0.075,1,4.01,0.0,0,11226,90.17,B
1310,west,buero,190.1,1953,1965.0,2,1,alt,waermepumpe,20.6,3230,0.224,0,2.81,3.71,1,22704,119.43,C
1311,west,einfamilienhaus,160.4,2001,,2,1,zweifach,gas,20.2,2754,0.191,0,0.82,0.0,0,18309,114.12,C
1312,ost,mehrfamilienhaus,325.1,1956,1971.0,4,2,dreifach,waermepumpe,19.8,3645,0.203,0,3.63,2.61,1,23323,71.74,B
1313,west,mehrfamilienhaus,169.1,1968,1981.0,4,2,zweifach,gas,18.9,2969,0.141,0,0.85,0.0,1,15189,89.8,B
1314,west,buero,107.2,2018,2025.0,1,3,zweifach,fernwaerme,21.9,2973,0.172,0,0.86,6.34,0,7997,74.59,B
1315,sued,mehrfamilienhaus,172.9,1975,2003.0,3,2,zweifach,fernwaerme,20.0,3402,0.195,0,,8.99,0,18873,109.14,C
1316,ost,einfamilienhaus,292.7,2005,2007.0,5,3,zweifach,gas,23.3,3187,0.176,0,0.83,13.81,0,25570,87.36,B
1317,west,einfamilienhaus,156.0,1975,1998.0,4,1,dreifach,gas,20.5,3017,0.09,0,0.96,0.0,1,14227,91.17,B
1318,west,einfamilienhaus,130.6,2019,2025.0,2,2,zweifach,gas,20.9,3245,0.266,0,0.85,0.0,0,12612,96.58,B
1319,sued,buero,165.6,2011,2025.0,4,3,zweifach,gas,20.5,3169,0.213,0,0.93,0.0,1,14015,84.64,B
1320,west,mehrfamilienhaus,108.8,1985,2000.0,2,2,dreifach,fernwaerme,20.9,3059,0.182,1,0.96,0.0,1,6946,63.85,B
1321,nord,buero,160.3,2001,2022.0,3,2,zweifach,gas,21.8,3673,0.185,1,0.88,0.0,0,16960,105.78,C
1322,sued,mehrfamilienhaus,135.2,1980,,1,2,dreifach,waermepumpe,21.8,2505,0.264,0,2.77,6.4,1,6698,49.54,A
1323,ost,buero,462.8,2020,2025.0,5,3,dreifach,waermepumpe,18.4,3192,0.143,0,2.34,,0,32891,71.07,B
1324,ost,halle,68.2,1976,1983.0,2,2,dreifach,gas,19.5,3380,0.132,0,0.87,0.0,1,6123,89.85,B
1325,ost,mehrfamilienhaus,116.0,2012,2025.0,2,3,zweifach,gas,21.1,3318,0.223,0,0.86,8.37,0,4902,42.25,A
1326,ost,einfamilienhaus,130.5,1996,2025.0,3,2,zweifach,oel,20.5,2316,0.203,1,0.74,5.67,0,9224,70.66,B
1327,ost,einfamilienhaus,109.1,1998,,1,3,dreifach,waermepumpe,22.6,3056,0.13,0,2.86,0.0,1,6403,58.67,B
1328,nord,mehrfamilienhaus,211.6,1976,2015.0,5,1,alt,oel,22.6,2925,0.234,0,0.81,0.0,0,18858,89.11,B
1329,nord,buero,123.5,2012,,2,2,zweifach,gas,21.6,3800,0.195,0,0.97,0.0,1,12341,99.95,B
1330,sued,mehrfamilienhaus,86.0,2005,2025.0,2,1,zweifach,pellet,19.8,2813,0.135,1,0.92,2.36,1,7943,92.39,B
1331,ost,einfamilienhaus,182.2,2011,2025.0,4,2,zweifach,fernwaerme,19.1,3511,0.205,0,0.92,0.0,1,19283,105.82,C
1332,nord,mehrfamilienhaus,151.9,2010,2021.0,5,3,dreifach,gas,21.4,2924,0.197,0,0.93,0.0,0,9170,60.39,B
1333,nord,einfamilienhaus,126.2,1961,1966.0,2,1,zweifach,waermepumpe,22.1,3487,0.176,1,3.25,0.0,1,10806,85.65,B
1334,nord,einfamilienhaus,321.2,2015,2025.0,5,3,alt,pellet,18.1,3353,0.199,1,0.97,5.71,1,37457,116.62,C
1335,nord,buero,215.0,2013,,2,3,zweifach,fernwaerme,21.8,4200,0.211,0,0.91,0.0,0,19391,90.19,B
1336,west,mehrfamilienhaus,203.8,1968,1971.0,5,3,alt,gas,20.2,3512,0.226,0,0.92,0.0,0,21594,105.95,C
1337,sued,einfamilienhaus,217.2,2023,2025.0,4,2,zweifach,fernwaerme,18.3,3340,0.185,0,0.9,8.41,1,21190,97.54,B
1338,ost,einfamilienhaus,212.0,1989,2023.0,4,1,zweifach,gas,21.1,3810,0.166,1,0.83,0.0,0,25896,122.13,C
1339,sued,mehrfamilienhaus,155.5,1974,,6,1,zweifach,oel,21.6,3049,0.192,0,0.84,3.32,0,19504,125.44,C
1340,nord,einfamilienhaus,124.1,1966,,2,1,zweifach,gas,20.1,3315,0.24,1,0.89,0.0,1,15642,126.07,C
1341,sued,einfamilienhaus,184.1,1977,1980.0,2,1,alt,fernwaerme,19.2,2875,0.211,0,0.93,0.0,0,23299,126.55,C
1342,west,mehrfamilienhaus,154.1,1952,1959.0,2,1,zweifach,waermepumpe,22.6,3215,0.164,0,3.37,0.0,1,12314,79.88,B
1343,nord,mehrfamilienhaus,67.8,2001,2020.0,1,3,zweifach,pellet,19.7,2380,0.183,0,0.85,0.0,0,4109,60.64,B
1344,nord,einfamilienhaus,104.8,2003,2016.0,1,3,alt,waermepumpe,21.9,3351,0.263,1,2.85,3.49,0,7531,71.86,B
1345,sued,mehrfamilienhaus,145.2,2000,,2,3,zweifach,gas,18.7,3029,0.217,0,0.94,0.0,0,11710,80.66,B
1346,nord,mehrfamilienhaus,263.4,1991,2023.0,4,3,zweifach,gas,21.0,3295,0.188,0,0.74,0.0,0,18532,70.36,B
1347,nord,einfamilienhaus,184.5,1977,1985.0,1,1,zweifach,fernwaerme,21.0,2814,0.237,0,0.94,4.13,1,16552,89.72,B
1348,sued,einfamilienhaus,114.0,2004,,4,1,zweifach,gas,21.5,2898,0.153,0,0.85,0.0,1,11221,98.42,B
1349,sued,einfamilienhaus,100.7,2015,,2,3,alt,gas,22.3,2413,0.196,0,0.86,7.2,1,7559,75.06,B
1350,nord,einfamilienhaus,290.2,1956,,5,1,zweifach,waermepumpe,19.5,3971,0.274,0,3.17,4.73,0,32237,111.11,C
1351,west,buero,158.8,1978,,4,1,dreifach,gas,21.1,3010,0.213,1,0.98,0.0,1,17732,111.62,C
1352,nord,einfamilienhaus,44.2,2024,2025.0,1,3,zweifach,gas,18.9,2628,0.261,0,0.84,3.89,1,3237,73.19,B
1353,ost,halle,163.6,2014,2025.0,3,3,zweifach,fernwaerme,16.8,3028,0.176,1,0.79,3.03,0,13690,83.67,B
1354,sued,einfamilienhaus,236.9,2024,2025.0,5,3,dreifach,pellet,19.8,3263,0.156,0,0.85,5.15,0,15075,63.64,B
1355,sued,mehrfamilienhaus,99.3,1963,1963.0,2,1,dreifach,waermepumpe,21.0,3012,0.238,0,2.9,0.0,0,7401,74.52,B
1356,sued,mehrfamilienhaus,178.0,1984,2017.0,4,2,dreifach,gas,22.5,2630,0.089,0,0.85,4.09,0,14471,81.3,B
1357,sued,buero,185.9,1959,1986.0,4,2,zweifach,fernwaerme,22.7,2713,0.189,0,0.84,0.0,1,16952,91.21,B
1358,sued,buero,102.0,2014,2025.0,2,3,zweifach,waermepumpe,20.1,2850,0.232,0,2.42,4.2,1,3201,31.37,A
1359,west,mehrfamilienhaus,302.8,1988,2004.0,5,1,dreifach,gas,20.9,2946,0.208,0,0.87,0.0,0,28709,94.82,B
1360,sued,mehrfamilienhaus,187.4,1968,1983.0,5,1,dreifach,fernwaerme,21.6,2509,0.075,0,1.0,2.94,0,15308,81.7,B
1361,ost,schule,144.8,1956,1978.0,2,1,zweifach,waermepumpe,21.8,3076,0.113,1,2.78,0.0,0,17296,119.43,C
1362,west,schule,159.3,2005,2025.0,3,3,zweifach,waermepumpe,20.7,2633,,0,3.01,0.0,1,9184,57.64,B
1363,ost,halle,93.3,2010,2025.0,2,3,dreifach,gas,18.6,3432,0.204,1,0.82,0.0,1,7802,83.59,B
1364,west,einfamilienhaus,91.6,2015,2025.0,1,2,zweifach,waermepumpe,20.4,3475,0.206,1,3.25,0.0,1,7807,85.23,B
1365,ost,einfamilienhaus,138.6,2022,2024.0,1,1,dreifach,gas,20.2,2749,0.18,0,0.88,0.0,1,9615,69.37,B
1366,sued,einfamilienhaus,142.6,2011,,2,3,dreifach,gas,20.1,2699,0.217,0,0.89,5.5,1,7784,54.58,B
1367,sued,mehrfamilienhaus,154.5,2008,2025.0,2,2,zweifach,gas,20.4,2802,0.202,1,0.95,0.0,0,12251,79.3,B
1368,sued,einfamilienhaus,315.6,2010,2025.0,4,3,dreifach,oel,20.0,2939,0.174,0,0.86,0.0,0,17209,54.53,B
1369,nord,einfamilienhaus,230.9,2024,2025.0,3,2,dreifach,gas,19.1,3440,0.207,0,0.93,0.0,1,16277,70.49,B
1370,ost,mehrfamilienhaus,72.3,1984,1986.0,2,1,dreifach,waermepumpe,21.5,3262,0.148,0,3.38,7.62,1,5014,69.32,B
1371,west,einfamilienhaus,287.0,2006,,6,2,alt,waermepumpe,21.1,3254,0.212,0,3.32,0.0,1,32290,112.49,C
1372,west,mehrfamilienhaus,138.1,2011,,3,4,dreifach,gas,22.8,3644,0.138,1,0.92,6.93,1,9884,71.58,B
1373,ost,einfamilienhaus,241.4,1958,1986.0,1,2,zweifach,waermepumpe,20.9,3121,0.204,0,2.79,0.0,1,21034,87.14,B
1374,nord,buero,143.2,2001,2025.0,3,2,zweifach,pellet,20.0,2894,0.203,0,0.87,0.0,0,11413,79.67,B
1375,ost,einfamilienhaus,181.8,1975,,2,2,dreifach,gas,19.7,2537,0.165,1,0.71,7.44,1,15935,87.65,B
1376,sued,mehrfamilienhaus,96.5,1959,,2,1,zweifach,waermepumpe,20.6,3523,0.212,1,2.88,10.58,1,7233,74.95,B
1377,nord,mehrfamilienhaus,200.7,1962,,3,1,dreifach,pellet,21.2,3528,0.257,1,0.92,7.3,0,16164,80.52,B
1378,west,einfamilienhaus,254.4,1958,1979.0,4,1,zweifach,waermepumpe,20.2,3172,0.129,0,3.44,0.0,1,24589,96.67,B
1379,sued,einfamilienhaus,78.3,2017,,1,4,zweifach,fernwaerme,18.7,3107,0.228,0,0.87,0.0,0,6198,79.18,B
1380,ost,buero,256.2,2007,2008.0,4,3,zweifach,waermepumpe,19.6,3156,0.234,0,3.21,0.0,1,17214,67.18,B
1381,ost,mehrfamilienhaus,123.8,1957,1974.0,4,1,alt,waermepumpe,20.5,3252,0.17,0,3.23,0.0,0,10429,84.21,B
1382,nord,einfamilienhaus,364.0,1996,2025.0,6,2,dreifach,gas,21.4,3220,0.22,0,0.86,0.0,0,29145,80.07,B
1383,sued,mehrfamilienhaus,243.5,1999,2005.0,5,1,dreifach,gas,18.7,3319,0.167,1,0.87,0.0,1,21850,89.74,B
1384,sued,einfamilienhaus,223.9,1988,,5,2,zweifach,fernwaerme,20.8,2766,0.243,1,0.92,12.82,1,19672,87.88,B
1385,ost,mehrfamilienhaus,159.8,1995,2012.0,3,3,alt,gas,20.8,2784,0.05,0,0.91,0.0,0,12155,76.07,B
1386,sued,einfamilienhaus,504.7,2018,2025.0,6,3,alt,gas,20.0,2358,0.252,0,,0.0,0,44924,89.0,B
1387,ost,mehrfamilienhaus,138.5,1988,,4,2,zweifach,gas,19.8,3017,0.124,1,0.86,4.81,1,9341,67.45,B
1388,sued,einfamilienhaus,105.9,1999,2025.0,1,1,dreifach,waermepumpe,19.6,3394,0.184,0,2.93,0.0,1,8509,80.34,B
1389,west,einfamilienhaus,125.8,1992,2017.0,3,3,alt,waermepumpe,20.7,2940,0.139,0,2.88,0.0,1,12164,96.66,B
1390,ost,einfamilienhaus,276.0,1979,,3,2,zweifach,gas,21.9,2618,0.255,0,0.8,4.34,0,22307,80.81,B
1391,ost,einfamilienhaus,180.2,2016,,2,2,zweifach,gas,21.9,3200,0.169,0,0.92,0.0,1,18394,102.08,C
1392,west,mehrfamilienhaus,168.0,1981,2014.0,5,1,dreifach,gas,19.2,2872,0.153,0,0.9,8.38,1,12116,72.11,B
1393,ost,mehrfamilienhaus,139.5,2009,2010.0,1,2,zweifach,gas,20.3,3642,0.236,1,0.87,12.22,0,11324,81.2,B
1394,ost,einfamilienhaus,164.0,1995,2023.0,4,2,dreifach,fernwaerme,17.9,3476,0.217,0,0.9,2.71,0,11710,71.41,B
1395,west,einfamilienhaus,135.0,2001,,2,2,dreifach,gas,20.6,2655,0.163,0,0.93,0.0,0,13629,100.93,C
1396,sued,mehrfamilienhaus,233.7,2007,2011.0,3,2,zweifach,pellet,21.2,2889,0.13,0,0.89,6.17,0,18646,79.77,B
1397,west,mehrfamilienhaus,152.9,2005,,2,3,zweifach,gas,22.4,2836,0.124,0,0.8,6.5,1,9054,59.23,B
1398,sued,buero,126.9,1992,2025.0,1,2,dreifach,gas,18.4,2544,0.244,0,0.84,0.0,0,6934,54.63,B
1399,sued,einfamilienhaus,265.1,1996,1997.0,4,3,zweifach,waermepumpe,19.2,2930,0.201,0,3.04,5.98,0,19017,71.73,B
1400,nord,einfamilienhaus,107.4,1988,1988.0,1,2,zweifach,gas,20.7,3636,0.189,0,0.81,0.0,0,9149,85.15,B
1401,nord,einfamilienhaus,181.4,1975,1975.0,3,3,zweifach,gas,18.6,3321,0.205,0,0.85,0.0,1,19899,109.71,C
1402,sued,mehrfamilienhaus,67.6,2004,2025.0,2,2,alt,gas,20.7,2769,0.083,1,0.86,6.14,1,4860,71.94,B
1403,nord,mehrfamilienhaus,88.3,2015,,2,2,zweifach,waermepumpe,21.2,2578,0.164,0,2.97,5.78,0,5566,63.06,B
1404,ost,einfamilienhaus,145.3,2002,2008.0,1,2,zweifach,gas,19.0,2867,,1,0.87,4.34,0,13503,92.95,B
1405,ost,einfamilienhaus,133.9,2007,,3,2,dreifach,waermepumpe,20.7,3293,0.229,1,3.23,0.0,0,11530,86.12,B
1406,nord,mehrfamilienhaus,133.8,2012,2025.0,2,2,zweifach,fernwaerme,19.0,2880,0.107,0,0.9,0.0,1,10641,79.53,B
1407,sued,einfamilienhaus,244.5,1977,,3,2,dreifach,waermepumpe,22.2,3399,0.233,0,3.02,7.45,0,19733,80.7,B
1408,sued,mehrfamilienhaus,251.2,1954,1956.0,5,1,zweifach,fernwaerme,20.7,2746,0.27,0,0.91,5.92,0,25043,99.68,B
1409,ost,einfamilienhaus,197.8,1975,,3,2,alt,waermepumpe,19.7,3168,0.094,1,4.0,12.88,0,18238,92.21,B
1410,west,einfamilienhaus,104.8,2006,2009.0,1,2,zweifach,waermepumpe,19.0,2960,0.181,0,2.99,0.0,0,10768,102.7,C
1411,nord,einfamilienhaus,163.4,2011,,5,2,zweifach,oel,21.0,2938,0.205,0,0.76,0.0,0,18557,113.58,C
1412,nord,halle,388.8,1988,2006.0,6,2,zweifach,waermepumpe,,3504,0.224,0,3.27,0.0,1,38892,100.02,C
1413,west,einfamilienhaus,480.0,2008,2025.0,8,4,alt,waermepumpe,19.6,2891,0.072,0,3.66,0.0,0,28914,60.23,B
1414,west,einfamilienhaus,266.3,1955,1994.0,4,1,alt,gas,20.0,2808,0.197,0,0.83,3.1,1,33426,125.5,C
1415,ost,buero,106.7,1998,2023.0,3,2,zweifach,waermepumpe,19.6,2268,0.169,0,3.64,0.0,0,6666,62.47,B
1416,ost,einfamilienhaus,164.1,2000,,2,2,zweifach,gas,22.4,3556,0.166,0,0.81,0.0,1,17993,109.67,C
1417,west,einfamilienhaus,191.8,1988,2001.0,1,1,zweifach,fernwaerme,18.2,3102,0.283,0,0.87,6.78,0,24735,128.98,C
1418,sued,einfamilienhaus,178.6,2003,2025.0,2,2,zweifach,gas,22.0,3337,0.169,1,0.92,0.0,1,15927,89.16,B
1419,nord,mehrfamilienhaus,279.5,1986,,6,2,zweifach,gas,20.0,3567,0.202,1,0.89,0.0,0,31484,112.63,C
1420,nord,einfamilienhaus,239.5,1989,2009.0,5,2,alt,gas,20.4,3737,0.174,0,0.83,7.94,0,28360,118.41,C
1421,nord,buero,104.1,1995,2025.0,1,3,zweifach,gas,20.1,3153,0.192,1,0.9,0.0,1,10481,100.66,C
1422,west,mehrfamilienhaus,128.3,2009,2025.0,4,3,alt,gas,20.8,2620,0.208,1,0.85,10.92,0,6591,51.35,B
1423,sued,mehrfamilienhaus,265.8,1968,1970.0,5,1,zweifach,gas,19.6,3217,0.225,0,0.92,11.07,0,33777,127.07,C
1424,ost,einfamilienhaus,320.5,1972,1983.0,5,1,alt,fernwaerme,21.8,3146,0.141,0,0.96,0.0,0,41603,129.79,C
1425,nord,buero,192.9,1981,1991.0,3,1,zweifach,oel,21.8,3187,0.188,0,0.79,,1,17146,88.89,B
1426,nord,buero,339.5,1965,1987.0,6,2,zweifach,pellet,19.3,3610,0.189,0,0.94,3.14,1,42094,123.97,C
1427,sued,buero,182.8,1975,1982.0,2,1,dreifach,waermepumpe,21.3,3058,0.098,0,2.78,0.0,1,13340,72.96,B
1428,west,einfamilienhaus,112.5,1976,,2,1,zweifach,gas,20.1,3324,0.132,1,1.01,7.93,0,11894,105.76,C
1429,sued,mehrfamilienhaus,229.4,1973,2009.0,4,1,alt,oel,20.6,2592,0.225,1,0.85,0.0,0,26745,116.57,C
1430,west,mehrfamilienhaus,584.7,1980,1993.0,8,2,dreifach,oel,22.3,3442,0.157,0,0.97,0.0,1,59143,101.15,C
1431,ost,schule,93.7,1987,,1,3,alt,gas,20.1,3098,0.311,1,0.94,0.0,0,10422,111.27,C
1432,sued,einfamilienhaus,333.4,2002,2019.0,5,3,alt,fernwaerme,21.6,3330,0.228,1,0.99,0.0,0,36726,110.16,C
1433,ost,buero,223.4,1972,1973.0,5,2,zweifach,waermepumpe,21.0,3439,0.203,0,3.51,0.0,1,19981,89.44,B
1434,nord,mehrfamilienhaus,124.8,2013,2025.0,1,3,zweifach,fernwaerme,20.3,3590,0.256,1,0.91,4.06,0,9554,76.53,B
1435,sued,buero,68.2,1985,2016.0,1,2,dreifach,gas,20.9,2911,0.219,1,0.91,0.0,1,4190,61.4,B
1436,west,mehrfamilienhaus,57.8,2004,2017.0,1,2,zweifach,waermepumpe,20.8,3348,0.189,0,2.94,4.18,1,3890,67.32,B
1437,nord,buero,133.7,1958,1979.0,3,1,dreifach,gas,19.1,3739,0.109,1,0.88,0.0,1,13334,99.76,B
1438,sued,einfamilienhaus,206.7,1963,1978.0,3,2,zweifach,waermepumpe,19.8,3162,,1,3.43,0.0,1,15059,72.87,B
1439,west,einfamilienhaus,256.7,1984,1993.0,6,1,dreifach,pellet,19.2,3171,0.25,0,0.91,0.0,0,25365,98.8,B
1440,west,einfamilienhaus,284.8,1977,,6,2,zweifach,gas,20.2,3349,0.15,0,0.85,0.0,1,31490,110.58,C
1441,sued,buero,198.2,1987,1991.0,3,2,zweifach,waermepumpe,22.1,2766,0.089,0,3.39,0.0,1,16273,82.1,B
1442,nord,einfamilienhaus,184.1,1961,1993.0,3,1,alt,waermepumpe,21.2,3880,0.127,0,2.96,0.0,1,20466,111.14,C
1443,west,mehrfamilienhaus,147.5,1985,,2,2,alt,fernwaerme,18.8,2511,0.268,0,0.88,0.0,1,14925,101.18,C
1444,nord,halle,209.0,2001,2025.0,5,3,zweifach,gas,18.2,3362,0.184,0,0.86,0.0,1,19343,92.55,B
1445,ost,schule,125.7,2004,2004.0,1,2,zweifach,waermepumpe,21.2,2958,0.253,0,3.83,4.85,1,5894,46.89,A
1446,nord,mehrfamilienhaus,95.9,1968,1993.0,1,1,dreifach,oel,21.4,3126,0.181,0,0.9,6.35,1,6493,67.71,B
1447,ost,buero,178.9,1975,1997.0,4,2,zweifach,gas,19.7,3207,0.155,0,0.91,0.0,0,17378,97.14,B
1448,sued,einfamilienhaus,247.5,1989,2013.0,6,2,dreifach,fernwaerme,19.0,2556,0.287,0,0.92,11.14,1,18262,73.77,B
1449,west,mehrfamilienhaus,86.9,1988,2025.0,1,2,dreifach,oel,20.4,3853,0.161,1,0.95,0.0,1,7172,82.49,B
1450,ost,mehrfamilienhaus,133.7,2009,2024.0,4,4,zweifach,gas,21.2,2627,0.168,0,0.84,0.0,0,5400,40.4,A
1451,west,buero,175.8,1979,1984.0,3,2,zweifach,pellet,20.8,2767,0.203,0,0.87,0.0,1,13245,75.33,B
1452,sued,einfamilienhaus,174.1,2000,2000.0,1,3,zweifach,gas,19.4,2584,0.165,0,0.89,0.0,0,11070,63.58,B
1453,sued,einfamilienhaus,220.6,2016,2025.0,1,2,zweifach,fernwaerme,22.6,3019,0.219,0,0.78,0.0,1,18609,84.34,B
1454,nord,mehrfamilienhaus,383.4,1972,,5,2,dreifach,waermepumpe,20.4,3705,0.202,0,2.36,0.0,0,27708,72.26,B
1455,nord,mehrfamilienhaus,58.0,2011,2016.0,1,3,zweifach,gas,20.7,3534,0.204,0,0.84,6.3,0,4027,69.43,B
1456,sued,buero,391.8,1974,1979.0,6,2,alt,waermepumpe,19.7,3465,0.149,0,3.8,0.0,0,33240,84.83,B
1457,sued,mehrfamilienhaus,375.2,1975,1986.0,7,2,dreifach,fernwaerme,21.8,2660,0.097,0,0.84,0.0,0,23085,61.53,B
1458,nord,buero,258.7,1999,2003.0,4,3,zweifach,fernwaerme,21.2,3581,0.138,1,0.95,0.0,1,29195,112.84,C
1459,sued,mehrfamilienhaus,191.2,1996,2015.0,2,3,dreifach,fernwaerme,20.9,2844,0.143,0,0.86,0.0,0,11552,60.41,B
1460,ost,buero,126.9,1991,2017.0,2,2,zweifach,pellet,19.1,3180,0.195,1,0.96,0.0,0,10312,81.28,B
1461,ost,mehrfamilienhaus,257.2,1967,,4,1,zweifach,waermepumpe,21.8,3488,0.139,0,2.47,0.0,1,19893,77.33,B
1462,nord,einfamilienhaus,195.8,1957,1962.0,4,2,dreifach,gas,21.4,2758,0.107,0,0.88,0.0,0,18391,93.91,B
1463,nord,einfamilienhaus,149.0,2018,2025.0,2,2,zweifach,gas,21.7,4047,0.123,0,0.88,0.0,0,18811,126.27,C
1464,ost,schule,254.1,2015,,5,2,zweifach,fernwaerme,20.9,3049,0.199,0,0.93,4.11,0,21766,85.66,B
1465,west,einfamilienhaus,274.9,2016,2025.0,4,3,zweifach,waermepumpe,20.4,2538,0.214,1,3.14,0.07,1,12606,45.85,A
1466,west,mehrfamilienhaus,46.4,1988,2003.0,1,1,zweifach,waermepumpe,20.3,2858,0.155,0,3.06,0.0,1,3674,79.1,B
1467,nord,einfamilienhaus,319.3,2016,2025.0,5,3,dreifach,oel,23.2,3386,0.16,0,0.84,0.0,1,26421,82.73,B
1468,nord,buero,120.4,1985,1994.0,3,1,alt,waermepumpe,19.8,3107,0.211,1,3.51,3.11,0,12954,107.56,C
1469,sued,einfamilienhaus,299.7,1955,,5,1,dreifach,gas,19.1,2233,0.188,0,0.92,0.0,0,31079,103.69,C
1470,ost,mehrfamilienhaus,150.3,1964,1969.0,2,1,alt,gas,20.1,3134,0.239,0,0.87,8.37,1,15342,102.1,C
1471,west,mehrfamilienhaus,191.5,1970,1992.0,4,2,dreifach,fernwaerme,19.9,2847,0.172,0,0.91,0.0,0,13530,70.66,B
1472,sued,einfamilienhaus,209.1,1978,1983.0,6,1,zweifach,gas,22.0,3178,0.138,1,0.91,0.0,0,26773,128.05,C
1473,west,mehrfamilienhaus,288.1,2020,,5,3,alt,fernwaerme,18.9,2726,0.234,1,0.86,0.0,0,26975,93.62,B
1474,nord,buero,241.9,1974,1984.0,6,2,zweifach,oel,19.8,4142,0.164,0,0.94,,1,30507,126.11,C
1475,west,mehrfamilienhaus,147.8,1995,,4,2,zweifach,waermepumpe,20.7,3280,0.141,0,4.14,0.0,1,10403,70.38,B
1476,west,halle,61.0,1970,,1,1,alt,pellet,20.0,3169,0.225,1,0.93,0.0,0,8275,135.68,C
1477,sued,buero,219.4,1998,2023.0,4,3,dreifach,gas,21.4,3168,0.252,0,0.91,0.0,1,18802,85.69,B
1478,west,mehrfamilienhaus,187.8,1992,2022.0,2,1,alt,fernwaerme,22.4,2462,0.189,0,0.92,0.0,0,13332,71.0,B
1479,sued,mehrfamilienhaus,93.1,1961,1983.0,1,1,zweifach,waermepumpe,20.9,2776,0.13,0,3.32,0.0,1,6487,69.67,B
1480,nord,schule,198.3,1984,,3,2,dreifach,gas,20.7,3974,0.257,0,0.97,0.0,0,22992,115.95,C
1481,sued,mehrfamilienhaus,174.8,1957,1967.0,2,1,zweifach,waermepumpe,21.5,2838,0.199,0,3.42,10.58,1,9674,55.35,B
1482,west,einfamilienhaus,317.8,2016,2025.0,4,2,zweifach,fernwaerme,18.9,3078,0.191,0,0.93,0.0,0,29898,94.06,B
1483,west,buero,404.9,2002,2015.0,6,2,alt,gas,18.4,2937,0.16,0,0.88,9.12,1,32656,80.65,B
1484,sued,schule,271.7,2020,2025.0,5,3,zweifach,waermepumpe,22.1,3463,0.236,0,3.08,0.0,1,20782,76.49,B
1485,sued,einfamilienhaus,170.1,2015,2025.0,3,3,dreifach,oel,20.8,2864,0.125,0,0.77,0.0,0,11997,70.55,B
1486,nord,einfamilienhaus,182.3,1966,,1,2,alt,gas,21.7,2912,0.12,1,0.94,,0,20182,110.74,C
1487,nord,mehrfamilienhaus,118.5,2003,,1,2,alt,gas,19.5,4200,0.275,0,0.9,0.0,1,14097,118.99,C
1488,sued,mehrfamilienhaus,129.0,1957,1977.0,1,1,zweifach,waermepumpe,22.0,2469,0.137,0,3.38,0.0,0,8958,69.43,B
1489,ost,einfamilienhaus,165.4,2022,2025.0,3,3,zweifach,pellet,21.3,3066,0.228,1,0.88,0.0,0,12509,75.62,B
1490,nord,mehrfamilienhaus,157.4,2008,2025.0,3,2,alt,gas,20.5,3055,0.249,0,0.82,8.15,1,16470,104.63,C
1491,west,mehrfamilienhaus,90.7,2001,2002.0,2,2,dreifach,gas,20.7,2854,0.191,1,0.85,0.04,0,7120,78.49,B
1492,sued,einfamilienhaus,319.4,2024,2025.0,4,3,dreifach,gas,20.9,2579,0.136,1,0.94,0.0,0,13904,43.53,A
1493,sued,mehrfamilienhaus,341.0,2013,2013.0,6,2,zweifach,fernwaerme,19.5,2761,0.211,0,0.9,0.0,1,23703,69.52,B
1494,nord,einfamilienhaus,314.5,2014,2025.0,5,4,zweifach,gas,20.0,3694,0.25,0,0.85,5.08,0,23039,73.25,B
1495,nord,buero,346.6,1957,,4,1,alt,oel,20.9,2684,0.197,0,0.78,0.0,0,43898,126.66,C
1496,sued,einfamilienhaus,462.4,1951,1964.0,8,1,zweifach,gas,20.0,3391,0.143,0,0.93,0.0,0,60242,130.28,C
1497,west,buero,119.5,2022,2025.0,3,2,dreifach,oel,18.7,3481,0.195,0,0.9,3.62,1,9925,83.04,B
1498,nord,einfamilienhaus,452.5,1968,,8,2,zweifach,fernwaerme,20.9,3528,0.111,0,0.94,0.0,0,67018,148.1,C
1499,west,halle,147.4,1981,,2,2,zweifach,fernwaerme,19.5,3144,0.131,0,0.95,3.36,1,14757,100.12,C
1500,west,buero,235.0,1953,1984.0,5,1,dreifach,gas,21.8,3197,0.167,0,,0.0,1,26020,110.74,C
1501,west,einfamilienhaus,81.0,1996,2014.0,1,2,alt,fernwaerme,21.1,3598,0.183,0,0.91,0.0,1,9313,114.96,C
1502,sued,halle,138.6,2011,,3,2,zweifach,oel,19.5,2339,0.12,0,0.79,0.0,0,10418,75.17,B
1503,ost,mehrfamilienhaus,275.4,2013,,4,2,zweifach,fernwaerme,21.7,3355,0.192,0,0.91,0.0,0,25472,92.5,B
1504,west,mehrfamilienhaus,240.3,1993,,4,3,dreifach,gas,20.6,2839,0.206,1,0.89,6.41,0,17865,74.34,B
1505,sued,schule,146.0,1999,,1,2,zweifach,gas,18.4,3239,0.169,1,0.81,0.0,1,17067,116.86,C
1506,nord,schule,182.2,1988,2022.0,3,1,zweifach,fernwaerme,22.3,3135,0.072,0,0.93,0.0,1,18628,102.23,C
1507,ost,mehrfamilienhaus,131.8,1983,1999.0,2,3,dreifach,gas,19.4,3347,0.185,1,0.83,0.0,0,9343,70.91,B
1508,ost,halle,275.0,1991,2010.0,4,2,zweifach,fernwaerme,17.1,2558,0.271,0,0.87,0.0,1,24515,89.14,B
1509,sued,einfamilienhaus,329.7,2020,,8,3,dreifach,gas,19.2,2358,0.203,1,0.89,11.09,0,25262,76.62,B
1510,west,einfamilienhaus,119.8,1968,1970.0,1,2,zweifach,gas,23.5,3060,0.181,0,0.89,,0,9828,82.06,B
1511,ost,einfamilienhaus,173.6,1985,,2,2,dreifach,fernwaerme,21.0,3602,0.161,0,0.92,7.26,1,13695,78.9,B
1512,ost,einfamilienhaus,89.1,1995,2012.0,1,2,dreifach,oel,19.3,3288,0.209,0,0.83,0.0,0,8658,97.22,B
1513,west,mehrfamilienhaus,195.5,1992,2011.0,3,1,alt,gas,19.7,3285,0.19,1,0.78,0.0,1,22518,115.19,C
1514,nord,einfamilienhaus,223.4,1952,1965.0,5,1,dreifach,waermepumpe,20.5,3651,0.215,0,3.9,0.0,1,24061,107.72,C
1515,nord,mehrfamilienhaus,203.1,1971,1983.0,5,1,dreifach,oel,21.2,3211,0.125,0,0.83,8.78,0,19569,96.37,B
1516,west,einfamilienhaus,215.1,1998,,3,2,zweifach,waermepumpe,20.8,3314,0.186,1,3.71,0.0,0,16891,78.51,B
1517,west,einfamilienhaus,165.0,2002,,2,2,zweifach,gas,19.4,2897,0.157,0,0.95,0.0,1,13925,84.41,B
1518,sued,mehrfamilienhaus,166.8,2005,2025.0,1,2,zweifach,waermepumpe,20.9,2840,0.199,0,3.04,0.0,1,8907,53.4,B
1519,ost,einfamilienhaus,163.2,2024,2025.0,4,3,dreifach,waermepumpe,19.8,3034,0.083,0,3.21,0.0,0,13866,84.97,B
1520,sued,mehrfamilienhaus,136.6,2000,2025.0,4,1,zweifach,gas,21.8,2759,0.16,0,0.86,6.94,0,10297,75.38,B
1521,west,buero,144.6,1993,,2,2,zweifach,fernwaerme,20.6,3077,0.207,0,0.91,3.73,1,13820,95.55,B
1522,west,mehrfamilienhaus,218.6,1974,1994.0,2,2,dreifach,fernwaerme,19.6,3011,0.215,0,0.94,0.0,0,12122,55.45,B
1523,nord,buero,319.6,1977,,4,3,dreifach,fernwaerme,21.3,3102,0.178,0,0.93,0.0,0,17547,54.9,B
1524,west,halle,110.0,2011,,2,3,zweifach,oel,19.0,3051,0.072,1,0.86,0.0,0,11400,103.62,C
1525,sued,einfamilienhaus,166.5,1985,1987.0,3,1,zweifach,pellet,19.9,3004,0.212,1,0.94,0.0,0,21491,129.06,C
1526,nord,mehrfamilienhaus,99.4,2003,2025.0,1,2,dreifach,waermepumpe,21.4,2965,0.259,0,3.16,0.0,0,3672,36.95,A
1527,nord,einfamilienhaus,137.8,1959,1983.0,2,1,alt,pellet,21.3,3496,0.138,0,0.96,0.0,0,17936,130.18,C
1528,nord,einfamilienhaus,148.7,1959,1961.0,4,1,dreifach,waermepumpe,21.9,3177,0.159,1,3.35,0.0,0,13636,91.72,B
1529,west,mehrfamilienhaus,189.1,1966,,3,1,zweifach,waermepumpe,21.4,3169,0.22,1,3.01,10.14,0,17886,94.61,B
1530,ost,mehrfamilienhaus,186.6,1964,,5,1,alt,waermepumpe,20.2,2867,0.222,1,2.89,9.63,1,17890,95.87,B
1531,sued,buero,172.8,1995,,4,1,zweifach,fernwaerme,18.5,3318,,0,0.92,0.0,0,20707,119.81,C
1532,nord,mehrfamilienhaus,210.3,1997,1997.0,2,2,zweifach,waermepumpe,20.7,3685,0.231,1,2.61,0.0,0,14935,71.03,B
1533,west,buero,115.0,1991,,2,3,zweifach,fernwaerme,20.9,2733,0.103,0,0.88,7.79,1,5369,46.7,A
1534,sued,mehrfamilienhaus,189.8,1971,,3,2,zweifach,gas,20.6,3134,0.156,0,0.84,0.0,1,14590,76.88,B
1535,west,einfamilienhaus,243.6,1993,2007.0,3,3,dreifach,fernwaerme,16.9,3606,0.211,0,0.83,7.65,1,16258,66.75,B
1536,sued,einfamilienhaus,114.3,1958,1993.0,1,2,dreifach,gas,21.3,2618,0.176,0,0.88,0.0,0,8811,77.1,B
1537,west,mehrfamilienhaus,74.2,1985,2010.0,3,2,dreifach,pellet,19.4,2796,0.198,0,0.9,0.0,1,3810,51.36,B
1538,sued,mehrfamilienhaus,274.0,1961,,3,1,dreifach,fernwaerme,21.3,3207,0.173,0,1.03,3.32,1,22991,83.91,B
1539,sued,einfamilienhaus,100.9,1955,1960.0,3,1,zweifach,fernwaerme,22.5,2492,0.158,0,0.9,6.07,1,8121,80.51,B
1540,west,einfamilienhaus,134.6,1962,1982.0,2,2,dreifach,gas,20.2,2828,0.168,0,0.83,0.0,0,9999,74.27,B
1541,sued,einfamilienhaus,240.3,1958,,4,2,dreifach,fernwaerme,21.0,2595,0.124,1,0.98,0.0,0,20282,84.41,B
1542,west,mehrfamilienhaus,111.6,1985,2022.0,3,2,dreifach,gas,20.5,3362,0.144,1,0.85,0.0,0,6845,61.34,B
1543,nord,einfamilienhaus,265.1,1990,,4,2,zweifach,waermepumpe,21.1,3108,0.177,0,3.26,0.0,1,27068,102.11,C
1544,sued,einfamilienhaus,125.6,1995,2001.0,3,2,dreifach,fernwaerme,20.6,2850,0.178,0,0.91,9.42,0,10036,79.91,B
1545,west,einfamilienhaus,118.5,1982,2009.0,1,2,dreifach,fernwaerme,19.9,2838,0.208,0,0.98,7.46,0,6347,53.57,B
1546,west,einfamilienhaus,99.6,1963,,2,1,zweifach,gas,19.4,3502,0.166,0,0.87,0.0,1,13899,139.51,C
1547,sued,mehrfamilienhaus,126.1,1951,1963.0,1,2,alt,fernwaerme,22.4,2649,0.264,0,0.86,0.0,1,9092,72.08,B
1548,sued,schule,225.3,2003,2025.0,3,1,zweifach,oel,,2457,0.241,1,0.78,4.88,1,24627,109.31,C
1549,west,einfamilienhaus,134.6,2023,2025.0,3,3,zweifach,waermepumpe,21.5,2594,0.155,1,1.95,7.22,1,7549,56.07,B
1550,ost,mehrfamilienhaus,274.5,1971,2007.0,5,1,dreifach,waermepumpe,21.0,3343,0.19,0,3.78,4.73,0,14140,51.51,B
1551,west,mehrfamilienhaus,176.1,1965,1979.0,1,1,alt,waermepumpe,21.7,3368,0.241,0,3.38,0.0,1,14578,82.78,B
1552,ost,mehrfamilienhaus,183.3,1973,,2,2,dreifach,gas,19.4,3537,0.148,0,0.84,0.0,0,14509,79.15,B
1553,nord,einfamilienhaus,116.8,1966,,1,1,zweifach,gas,20.6,2909,0.143,1,0.88,0.0,0,13629,116.68,C
1554,west,einfamilienhaus,293.7,1966,1975.0,5,1,alt,pellet,21.1,3019,0.245,0,,8.58,0,36757,125.16,C
1555,ost,schule,244.5,1987,2024.0,2,3,zweifach,pellet,22.5,3950,0.215,1,0.9,0.0,1,21576,88.25,B
1556,ost,halle,241.3,2008,2025.0,4,3,zweifach,gas,21.7,2994,0.234,0,0.91,0.0,0,20906,86.65,B
1557,ost,einfamilienhaus,160.6,2003,2007.0,3,3,dreifach,waermepumpe,21.0,2903,0.196,0,2.94,0.0,0,5620,35.0,A
1558,west,mehrfamilienhaus,94.1,2021,2025.0,1,3,zweifach,oel,19.7,3093,0.167,1,0.89,9.99,0,6231,66.24,B
1559,sued,einfamilienhaus,187.9,1976,1993.0,4,2,dreifach,gas,19.1,3135,0.113,0,0.81,9.18,1,19079,101.55,C
1560,west,einfamilienhaus,220.9,1986,2012.0,4,3,alt,pellet,19.4,3280,0.187,1,0.86,1.12,1,24868,112.6,C
1561,ost,einfamilienhaus,221.9,1978,2000.0,3,2,zweifach,pellet,19.6,2885,0.242,0,0.88,0.0,0,19975,90.02,B
1562,ost,mehrfamilienhaus,208.2,1953,1961.0,1,1,zweifach,pellet,17.0,2895,0.242,0,0.85,0.0,0,17431,83.73,B
1563,nord,einfamilienhaus,204.2,1979,1982.0,4,1,zweifach,gas,19.7,3246,0.234,1,0.95,0.0,1,22204,108.73,C
1564,ost,einfamilienhaus,125.3,1969,1989.0,1,2,dreifach,fernwaerme,21.4,2844,0.219,0,0.91,0.0,0,7675,61.25,B
1565,nord,einfamilienhaus,128.2,1985,2018.0,1,2,dreifach,waermepumpe,20.6,2918,0.291,0,2.52,0.0,0,11153,87.02,B
1566,nord,einfamilienhaus,100.1,1961,1993.0,2,1,alt,waermepumpe,20.2,3983,0.102,0,2.67,3.59,1,12568,125.59,C
1567,ost,einfamilienhaus,276.0,2005,,6,3,dreifach,oel,18.6,2958,0.192,0,0.88,8.2,1,25830,93.59,B
1568,sued,mehrfamilienhaus,396.0,2013,2025.0,7,2,alt,fernwaerme,21.8,2827,0.133,0,0.91,5.22,1,38441,97.08,B
1569,ost,mehrfamilienhaus,579.3,2022,2025.0,8,3,zweifach,gas,21.1,2988,0.258,0,0.93,5.35,0,42873,74.02,B
1570,sued,einfamilienhaus,193.9,1956,1978.0,1,1,zweifach,fernwaerme,20.5,2922,0.152,1,0.91,0.0,1,17504,90.26,B
1571,ost,einfamilienhaus,204.4,1958,,4,1,zweifach,waermepumpe,17.9,3252,0.23,0,3.09,0.0,0,22311,109.13,C
1572,sued,buero,163.6,2022,2025.0,3,3,dreifach,gas,19.9,2787,0.158,0,0.91,0.0,1,7693,47.03,A
1573,west,einfamilienhaus,192.5,2013,2025.0,5,2,zweifach,gas,21.0,3499,0.201,1,0.81,0.0,0,21199,110.11,C
1574,west,einfamilienhaus,111.4,1994,2021.0,1,2,zweifach,fernwaerme,20.5,3309,0.175,1,0.84,0.0,0,8555,76.8,B
1575,west,buero,162.0,1974,,2,1,zweifach,fernwaerme,20.7,3033,0.179,0,0.9,0.0,0,15086,93.11,B
1576,nord,mehrfamilienhaus,118.9,1988,2009.0,3,3,zweifach,gas,21.3,3117,0.197,0,0.94,0.0,0,8191,68.88,B
1577,ost,einfamilienhaus,152.4,1990,,2,2,dreifach,gas,20.7,3480,0.226,0,0.9,11.5,0,15270,100.18,C
1578,west,einfamilienhaus,123.6,2013,,1,3,alt,waermepumpe,21.3,3043,0.175,1,2.93,,1,6555,53.04,B
1579,west,einfamilienhaus,220.9,1989,2009.0,7,3,zweifach,gas,19.5,2665,0.225,0,0.82,0.0,1,24419,110.54,C
1580,sued,einfamilienhaus,233.8,1952,1955.0,3,1,dreifach,fernwaerme,19.0,3307,0.232,0,0.97,5.03,0,20362,87.08,B
1581,sued,buero,201.5,2002,2025.0,3,1,zweifach,fernwaerme,21.1,2696,0.159,0,0.86,0.0,1,16294,80.85,B
1582,west,mehrfamilienhaus,128.4,2008,2013.0,3,3,zweifach,oel,21.3,3404,0.274,0,0.78,0.0,1,11573,90.12,B
1583,west,einfamilienhaus,96.9,1972,2006.0,2,1,zweifach,fernwaerme,21.1,2220,0.217,0,0.94,0.0,1,8137,83.93,B
1584,ost,einfamilienhaus,235.1,1958,1988.0,4,1,dreifach,waermepumpe,20.7,2971,0.158,0,2.17,0.0,0,20854,88.72,B
1585,nord,einfamilienhaus,175.7,1960,1997.0,3,1,dreifach,fernwaerme,20.1,3756,0.211,0,1.0,0.0,0,20007,113.89,C
1586,west,einfamilienhaus,72.9,2013,,1,2,dreifach,fernwaerme,20.8,3102,0.232,0,0.86,14.27,1,6351,87.16,B
1587,sued,mehrfamilienhaus,187.2,1983,1991.0,2,3,dreifach,oel,21.0,3159,0.209,1,,0.0,1,15044,80.38,B
1588,nord,einfamilienhaus,205.1,1989,,6,2,zweifach,oel,21.0,3034,0.19,0,0.82,3.55,0,22591,110.12,C
1589,ost,buero,83.1,2022,2025.0,1,4,dreifach,fernwaerme,23.6,3222,0.05,0,0.94,6.99,0,2946,35.47,A
1590,sued,mehrfamilienhaus,222.7,1954,1990.0,4,1,dreifach,oel,19.4,2951,0.132,0,0.94,0.0,0,18941,85.06,B
1591,sued,schule,88.6,1965,1995.0,1,1,zweifach,oel,24.8,3035,0.214,1,0.82,,0,11574,130.59,C
1592,west,buero,122.1,2012,2025.0,2,2,zweifach,gas,19.0,3814,0.131,0,0.84,0.0,0,14847,121.62,C
1593,nord,schule,88.9,1990,,1,2,zweifach,waermepumpe,21.4,3807,0.206,0,2.69,0.0,1,9592,107.91,C
1594,nord,halle,116.3,1952,1952.0,1,2,zweifach,gas,17.1,3627,0.224,1,0.88,0.0,0,10554,90.75,B
1595,sued,einfamilienhaus,97.3,2002,2025.0,1,3,zweifach,waermepumpe,20.9,3232,0.174,0,3.91,0.0,0,3781,38.85,A
1596,nord,einfamilienhaus,275.2,1960,,4,1,zweifach,fernwaerme,21.7,3032,0.092,0,0.86,0.0,0,29445,107.0,C
1597,sued,einfamilienhaus,156.6,2008,2025.0,4,3,alt,gas,20.5,2785,0.143,1,0.74,0.0,0,13738,87.73,B
1598,sued,mehrfamilienhaus,141.6,2009,2025.0,1,3,alt,fernwaerme,21.7,2414,0.214,0,0.88,0.0,0,9029,63.78,B
1599,ost,mehrfamilienhaus,287.5,2011,2025.0,4,2,dreifach,gas,20.0,2656,0.243,1,0.81,7.15,0,21716,75.55,B
1600,west,einfamilienhaus,280.5,1984,,4,1,dreifach,pellet,18.0,2790,0.076,1,1.02,3.12,1,29409,104.84,C
1601,nord,buero,146.8,1970,,4,1,alt,pellet,21.3,3340,0.184,1,0.83,0.0,0,19139,130.4,C
1602,west,buero,199.7,2016,2025.0,2,3,zweifach,waermepumpe,20.5,2671,0.107,0,3.64,2.6,0,7028,35.19,A
1603,sued,mehrfamilienhaus,132.9,1991,2016.0,3,2,dreifach,fernwaerme,19.9,2936,0.185,0,0.86,0.0,0,6484,48.78,A
1604,sued,einfamilienhaus,167.6,1997,2015.0,4,3,dreifach,waermepumpe,20.0,2896,0.172,1,3.47,,1,8414,50.19,B
1605,west,einfamilienhaus,105.2,1960,,2,1,alt,fernwaerme,21.0,2703,0.298,1,0.84,0.0,0,12543,119.27,C
1606,nord,mehrfamilienhaus,213.2,1996,2004.0,2,2,dreifach,waermepumpe,19.5,3884,0.153,0,4.01,0.0,1,12543,58.83,B
1607,west,einfamilienhaus,292.8,1993,2008.0,3,2,zweifach,gas,21.0,2636,0.232,0,0.87,0.0,0,27671,94.5,B
1608,nord,mehrfamilienhaus,268.7,1971,1999.0,6,2,dreifach,waermepumpe,21.9,3741,0.23,0,3.22,0.0,0,14045,52.27,B
1609,west,einfamilienhaus,179.4,2007,2025.0,1,2,zweifach,waermepumpe,23.0,2311,0.17,1,2.39,,0,5595,31.18,A
1610,nord,einfamilienhaus,70.0,1960,1964.0,2,1,zweifach,gas,22.2,3300,0.186,0,0.8,8.04,1,6639,94.89,B
1611,sued,einfamilienhaus,130.2,2003,2010.0,2,1,dreifach,pellet,20.7,2531,0.18,0,0.95,0.0,1,12008,92.26,B
1612,nord,mehrfamilienhaus,167.5,2022,2025.0,3,3,dreifach,waermepumpe,20.8,3121,0.143,1,3.13,0.0,1,11329,67.62,B
1613,ost,einfamilienhaus,91.8,1992,,2,2,zweifach,waermepumpe,20.0,3734,0.138,0,2.99,0.0,0,6981,76.06,B
1614,nord,halle,85.0,1957,1963.0,1,1,zweifach,gas,17.9,3229,0.16,0,0.91,0.0,0,9538,112.28,C
1615,nord,einfamilienhaus,330.8,1991,2003.0,4,2,dreifach,fernwaerme,21.5,2963,0.123,0,0.92,5.99,1,29027,87.74,B
1616,nord,schule,254.1,1989,,5,3,zweifach,waermepumpe,20.5,3521,0.155,0,3.39,0.0,0,20311,79.93,B
1617,nord,einfamilienhaus,220.8,1991,,3,1,alt,gas,20.9,3225,0.17,0,,0.0,1,34159,154.69,C
1618,sued,einfamilienhaus,240.5,1970,1975.0,1,1,zweifach,waermepumpe,19.3,3003,0.188,0,2.95,0.0,0,23984,99.73,B
1619,ost,halle,98.7,1996,,2,3,dreifach,fernwaerme,20.1,2780,0.202,0,0.89,1.35,0,8174,82.78,B
1620,nord,mehrfamilienhaus,114.5,1969,,1,2,zweifach,gas,20.1,3047,0.17,1,0.94,0.0,1,8809,76.91,B
1621,west,mehrfamilienhaus,194.2,1991,2010.0,4,2,alt,waermepumpe,21.8,2824,0.142,0,3.75,0.0,0,16035,82.57,B
1622,sued,mehrfamilienhaus,201.2,1994,,5,2,alt,gas,19.7,3229,0.201,0,0.91,6.0,1,27198,135.16,C
1623,ost,einfamilienhaus,89.4,1998,,2,2,zweifach,waermepumpe,19.6,3021,0.22,0,3.22,0.0,1,7540,84.31,B
1624,ost,buero,187.9,2009,,4,2,dreifach,waermepumpe,22.1,2733,0.156,0,3.39,5.58,0,10694,56.91,B
1625,sued,einfamilienhaus,168.9,2016,,3,3,dreifach,fernwaerme,19.7,3007,0.131,0,0.91,0.0,0,11240,66.53,B
1626,sued,buero,264.7,2008,2013.0,6,3,zweifach,fernwaerme,18.6,2978,0.158,1,0.96,5.57,0,15202,57.43,B
1627,west,schule,201.7,2009,2023.0,2,3,dreifach,oel,19.7,3301,0.171,0,0.77,0.0,0,13378,66.34,B
1628,sued,buero,348.9,2015,,6,2,alt,gas,21.5,2781,0.237,0,0.82,0.0,0,33948,97.3,B
1629,west,mehrfamilienhaus,147.2,1968,1983.0,3,2,dreifach,waermepumpe,21.4,3073,0.215,0,2.6,0.0,0,6154,41.82,A
1630,sued,mehrfamilienhaus,101.7,1971,1988.0,1,1,alt,gas,19.6,3098,0.18,0,,0.0,1,9972,98.05,B
1631,west,mehrfamilienhaus,344.5,1989,,7,2,zweifach,oel,19.7,2747,0.275,0,0.92,0.0,0,22868,66.39,B
1632,sued,einfamilienhaus,206.5,1984,2021.0,3,2,alt,gas,21.3,3260,0.178,0,0.87,0.0,0,21137,102.34,C
1633,sued,buero,169.4,2002,2025.0,5,3,alt,fernwaerme,22.1,2956,0.251,1,0.92,0.0,0,15325,90.46,B
1634,sued,mehrfamilienhaus,116.5,1950,,4,1,zweifach,waermepumpe,20.4,2565,0.241,1,3.35,0.0,1,8102,69.55,B
1635,west,einfamilienhaus,147.9,1960,1977.0,3,1,zweifach,gas,21.2,2712,0.238,0,0.87,0.0,0,14753,99.72,B
1636,nord,buero,144.4,2006,,3,3,dreifach,gas,21.5,3315,0.196,0,0.93,7.9,1,11119,77.01,B
1637,nord,einfamilienhaus,99.7,2011,2025.0,3,3,alt,gas,23.1,3157,0.186,1,0.85,2.94,1,10971,110.02,C
1638,nord,buero,61.5,1972,1998.0,1,1,zweifach,gas,19.1,3614,0.18,0,0.81,0.0,1,8943,145.36,C
1639,ost,buero,142.8,1973,2005.0,1,1,zweifach,oel,19.7,3000,0.223,0,0.86,0.0,1,15299,107.12,C
1640,west,einfamilienhaus,243.3,1992,,6,2,dreifach,waermepumpe,19.9,3206,0.141,0,2.67,0.0,1,17990,73.93,B
1641,sued,einfamilienhaus,304.6,1985,2019.0,5,2,zweifach,fernwaerme,21.5,2653,0.167,0,0.92,0.0,0,22854,75.04,B
1642,nord,mehrfamilienhaus,269.5,1962,2000.0,4,1,dreifach,gas,20.2,3342,0.263,0,0.98,0.0,1,26658,98.9,B
1643,ost,einfamilienhaus,276.9,1987,,5,2,dreifach,fernwaerme,20.9,3560,0.211,0,0.91,0.0,0,25408,91.77,B
1644,nord,halle,105.0,2011,2025.0,1,2,alt,waermepumpe,18.6,3298,0.228,0,3.14,5.11,0,9996,95.21,B
1645,west,einfamilienhaus,195.9,2004,2025.0,3,3,zweifach,oel,20.5,2906,0.119,1,0.78,0.0,1,16135,82.37,B
1646,west,einfamilienhaus,221.6,2011,,3,2,alt,gas,20.6,2798,0.158,0,0.81,10.0,0,21344,96.31,B
1647,nord,einfamilienhaus,228.2,1998,2022.0,5,2,dreifach,waermepumpe,21.7,3343,0.197,0,3.19,12.34,0,7624,33.41,A
1648,ost,buero,167.7,2015,,4,2,alt,gas,19.3,3593,0.178,1,0.91,0.0,0,20386,121.58,C
1649,west,mehrfamilienhaus,185.0,1968,1973.0,4,1,zweifach,waermepumpe,20.3,2623,0.119,0,3.19,8.12,0,16292,88.08,B
1650,sued,buero,409.6,1953,,7,1,dreifach,waermepumpe,19.0,2933,0.218,0,2.55,6.22,1,38129,93.09,B
1651,west,halle,265.8,1958,,3,2,alt,waermepumpe,18.8,2500,0.234,0,3.4,0.0,1,28562,107.45,C
1652,ost,mehrfamilienhaus,217.9,2024,2025.0,4,3,dreifach,gas,20.3,2956,0.166,1,0.87,7.32,0,10924,50.13,B
1653,nord,einfamilienhaus,236.6,1998,2003.0,5,2,zweifach,gas,21.8,3442,0.22,0,0.87,0.0,0,24214,102.33,C
1654,sued,einfamilienhaus,139.8,1968,,4,1,zweifach,waermepumpe,20.5,2397,0.281,0,2.5,0.0,0,13877,99.24,B
1655,nord,buero,230.9,2014,2018.0,6,2,zweifach,oel,20.0,3194,0.256,1,0.95,0.0,1,20148,87.26,B
1656,west,einfamilienhaus,183.9,1973,2010.0,1,1,zweifach,oel,20.2,3202,0.168,1,0.91,0.0,0,21650,117.76,C
1657,west,schule,253.4,1994,2021.0,4,2,dreifach,fernwaerme,23.0,3146,0.125,1,0.92,0.0,1,24426,96.39,B
1658,ost,buero,125.3,1968,1981.0,1,1,alt,gas,18.6,3219,0.192,0,0.91,0.0,1,16413,130.99,C
1659,sued,mehrfamilienhaus,243.9,1957,1971.0,4,1,dreifach,fernwaerme,19.7,2609,0.297,0,0.92,6.78,0,16325,66.94,B
1660,west,mehrfamilienhaus,148.9,1970,1997.0,2,1,zweifach,pellet,20.5,3202,0.247,0,0.88,0.0,0,16534,111.07,C
1661,west,halle,244.4,1967,,4,2,zweifach,waermepumpe,17.7,2890,0.18,0,3.3,0.0,0,22972,93.99,B
1662,ost,buero,196.5,1991,2019.0,5,3,zweifach,oel,21.1,3350,0.258,0,0.87,0.0,1,17715,90.17,B
1663,west,mehrfamilienhaus,177.7,1951,,2,1,zweifach,pellet,20.4,2291,0.238,0,0.9,2.22,1,16717,94.07,B
1664,nord,einfamilienhaus,152.6,1967,,1,1,alt,waermepumpe,20.8,3249,0.085,0,3.36,0.0,1,12240,80.22,B
1665,west,mehrfamilienhaus,169.7,1992,2025.0,2,2,zweifach,gas,20.6,3135,0.233,0,0.85,0.0,0,14355,84.57,B
1666,sued,einfamilienhaus,143.0,1979,,2,2,zweifach,waermepumpe,20.4,3422,0.186,1,3.53,0.0,1,11424,79.9,B
1667,nord,schule,151.1,1997,2003.0,1,1,dreifach,gas,19.4,3380,0.137,0,0.87,5.11,0,15037,99.5,B
1668,sued,mehrfamilienhaus,215.3,1999,2025.0,4,3,zweifach,gas,20.7,3016,0.185,0,0.92,0.71,0,15353,71.32,B
1669,sued,buero,77.8,2022,2025.0,1,3,zweifach,fernwaerme,18.4,3081,0.201,0,1.0,0.0,0,4935,63.39,B
1670,sued,einfamilienhaus,242.9,2012,2025.0,3,2,dreifach,gas,19.7,3389,0.14,1,0.91,0.0,0,21228,87.41,B
1671,ost,buero,244.8,1967,1986.0,5,2,zweifach,gas,21.1,2966,0.174,0,0.8,0.0,0,24374,99.59,B
1672,sued,einfamilienhaus,154.7,2001,2025.0,3,2,dreifach,fernwaerme,21.9,2459,0.163,1,0.89,0.0,0,10003,64.66,B
1673,west,mehrfamilienhaus,187.2,1997,,4,2,dreifach,gas,23.3,2542,0.22,1,0.88,1.1,1,12295,65.68,B
1674,ost,einfamilienhaus,111.0,1994,,2,2,dreifach,fernwaerme,20.0,3332,0.165,0,0.87,0.0,1,9455,85.21,B
1675,nord,schule,208.9,2009,2025.0,3,2,zweifach,gas,19.9,3428,0.095,0,0.87,0.0,1,21274,101.85,C
1676,west,mehrfamilienhaus,117.2,1961,1969.0,1,1,zweifach,waermepumpe,21.1,3010,0.158,0,2.99,,1,9210,78.57,B
1677,sued,einfamilienhaus,47.1,1978,1996.0,1,3,dreifach,waermepumpe,22.7,2745,0.133,0,3.22,0.0,1,2013,42.72,A
1678,ost,einfamilienhaus,299.1,2011,,6,3,zweifach,gas,22.3,3163,0.115,0,,7.32,1,31493,105.3,C
1679,west,einfamilienhaus,105.5,2016,,1,3,zweifach,waermepumpe,19.3,3173,0.239,0,3.33,7.27,0,6996,66.35,B
1680,nord,einfamilienhaus,168.1,1952,1958.0,3,1,zweifach,gas,20.3,3518,0.22,0,0.77,3.58,1,19842,118.06,C
1681,west,einfamilienhaus,190.5,1985,2009.0,2,2,zweifach,gas,21.5,2712,0.132,0,0.93,4.72,0,16789,88.15,B
1682,sued,einfamilienhaus,215.0,1969,1987.0,4,1,zweifach,gas,21.6,2332,0.117,0,0.89,0.0,0,19901,92.55,B
1683,nord,einfamilienhaus,174.9,1962,2001.0,2,1,alt,gas,21.2,3030,0.175,1,0.88,7.0,1,24705,141.24,C
1684,west,einfamilienhaus,198.2,1954,1989.0,4,1,zweifach,gas,20.0,2627,0.114,0,0.85,0.0,0,22842,115.26,C
1685,west,mehrfamilienhaus,153.0,1990,,3,3,dreifach,waermepumpe,21.2,2609,0.168,0,2.95,4.75,0,7137,46.64,A
1686,nord,einfamilienhaus,83.9,2000,2017.0,3,3,zweifach,waermepumpe,21.6,3899,0.184,0,2.57,0.0,0,7371,87.84,B
1687,west,einfamilienhaus,171.8,1989,,1,2,zweifach,pellet,19.4,2307,0.195,0,0.93,0.0,1,14079,81.93,B
1688,west,buero,228.7,1977,,2,1,dreifach,pellet,22.1,3264,0.197,0,0.89,6.64,1,15976,69.87,B
1689,west,einfamilienhaus,108.4,2007,2012.0,1,1,dreifach,oel,21.7,3417,0.141,0,0.92,0.0,0,12225,112.83,C
1690,nord,mehrfamilienhaus,191.4,1998,,2,2,alt,gas,19.6,3696,0.184,1,,0.0,0,18583,97.11,B
1691,nord,schule,382.0,2018,,5,3,zweifach,gas,22.0,3447,0.244,0,0.9,0.0,1,22190,58.08,B
1692,west,buero,166.7,1976,1988.0,4,2,zweifach,fernwaerme,21.5,3562,0.075,0,0.89,3.69,0,17739,106.41,C
1693,west,mehrfamilienhaus,170.6,1967,1967.0,3,2,dreifach,waermepumpe,21.5,3724,0.196,0,3.32,0.0,0,12905,75.63,B
1694,nord,mehrfamilienhaus,81.0,1984,2017.0,1,2,zweifach,gas,22.4,3244,0.121,0,0.81,7.85,0,6160,76.09,B
1695,ost,buero,102.7,1988,2025.0,1,2,zweifach,gas,20.5,3257,0.25,1,0.86,0.0,1,10609,103.34,C
1696,nord,buero,117.8,1984,,1,1,zweifach,oel,20.9,3797,0.221,0,0.86,0.0,0,15105,128.22,C
1697,sued,einfamilienhaus,224.5,2012,2025.0,6,3,zweifach,waermepumpe,17.3,2648,0.219,0,2.44,0.0,0,13623,60.67,B
1698,sued,mehrfamilienhaus,111.7,1953,1967.0,1,1,alt,oel,21.8,2864,0.137,0,0.8,0.0,0,13950,124.91,C
1699,nord,buero,69.5,1989,2003.0,1,2,alt,waermepumpe,21.7,3131,0.193,0,3.97,8.67,0,4624,66.55,B
1700,sued,buero,206.9,1982,,4,2,dreifach,oel,22.1,3111,0.199,0,0.78,0.0,0,17523,84.69,B
1701,sued,einfamilienhaus,122.7,1965,,2,1,zweifach,gas,,2286,0.061,0,0.94,0.0,1,11763,95.87,B
1702,ost,einfamilienhaus,82.3,1998,,4,3,dreifach,oel,21.7,3603,0.187,0,0.8,4.86,1,7311,88.81,B
1703,west,mehrfamilienhaus,237.2,2010,2022.0,3,2,dreifach,waermepumpe,21.7,3287,0.211,0,3.11,0.0,0,12768,53.82,B
1704,nord,einfamilienhaus,145.1,1990,,3,1,dreifach,waermepumpe,,3556,0.109,0,3.71,0.0,0,12069,83.17,B
1705,nord,mehrfamilienhaus,215.8,1956,1956.0,5,1,dreifach,oel,21.8,2523,0.21,0,0.87,0.0,0,14536,67.37,B
1706,sued,einfamilienhaus,81.1,1955,1974.0,1,1,alt,gas,21.1,2586,0.185,0,0.83,2.86,1,8239,101.59,C
1707,sued,einfamilienhaus,59.1,1981,2003.0,1,2,zweifach,gas,18.5,3472,0.249,0,0.85,5.3,0,7282,123.24,C
1708,ost,einfamilienhaus,183.1,2000,2025.0,4,2,dreifach,gas,21.2,3038,0.159,0,0.9,1.2,1,13547,73.98,B
1709,west,buero,101.0,1973,,2,2,dreifach,gas,19.6,2497,0.189,0,0.93,0.0,1,7296,72.23,B
1710,ost,buero,181.9,1973,1987.0,1,2,alt,gas,18.5,3178,0.197,0,,4.77,1,17178,94.43,B
1711,ost,buero,183.7,2014,2020.0,2,3,alt,waermepumpe,20.9,3338,0.05,0,3.05,0.0,1,19468,105.97,C
1712,west,schule,173.1,1951,1984.0,1,1,zweifach,waermepumpe,20.8,3286,0.162,0,3.4,0.0,0,15057,86.96,B
1713,west,halle,275.8,1955,1985.0,5,1,dreifach,waermepumpe,20.2,3047,0.184,0,3.03,0.0,1,20809,75.44,B
1714,sued,mehrfamilienhaus,537.6,1961,,8,1,zweifach,waermepumpe,20.7,3347,0.062,0,3.34,0.0,1,49705,92.46,B
1715,nord,einfamilienhaus,205.2,2023,2024.0,3,3,dreifach,pellet,21.4,3104,0.214,1,0.99,0.0,1,11166,54.41,B
1716,ost,buero,381.9,1987,,4,3,zweifach,pellet,21.1,3289,0.184,0,0.92,0.0,1,33884,88.73,B
1717,nord,mehrfamilienhaus,78.7,1961,,1,1,zweifach,gas,21.7,3397,0.184,1,,0.0,1,6615,84.01,B
1718,sued,einfamilienhaus,146.9,1973,2007.0,2,1,alt,gas,19.4,2903,0.216,0,0.91,0.0,1,20065,136.58,C
1719,sued,halle,92.6,2022,2025.0,1,2,dreifach,gas,18.7,2817,0.159,1,0.93,7.28,1,7373,79.58,B
1720,ost,einfamilienhaus,126.4,2002,,2,2,dreifach,waermepumpe,20.3,2980,0.182,0,3.31,5.22,1,7960,62.95,B
1721,sued,schule,150.9,1966,1981.0,3,1,zweifach,gas,21.7,2961,0.223,1,0.98,0.0,0,13961,92.49,B
1722,west,mehrfamilienhaus,397.5,1968,1984.0,8,3,zweifach,gas,20.8,2998,0.183,1,0.94,8.42,0,27800,69.94,B
1723,nord,einfamilienhaus,177.7,1955,1955.0,3,1,zweifach,fernwaerme,19.8,3607,0.088,0,0.99,0.0,1,21899,123.24,C
1724,nord,buero,280.7,2007,,6,2,zweifach,fernwaerme,20.1,3162,0.183,1,1.02,10.0,1,22278,79.37,B
1725,west,buero,141.4,1960,1990.0,1,1,alt,fernwaerme,22.5,3649,0.183,0,0.9,0.0,1,16165,114.36,C
1726,nord,mehrfamilienhaus,133.6,1971,,1,2,dreifach,waermepumpe,18.5,3147,0.225,1,3.21,,0,10160,76.05,B
1727,nord,mehrfamilienhaus,79.7,1976,2010.0,1,1,zweifach,fernwaerme,21.4,3672,0.163,0,0.96,7.92,1,7246,90.95,B
1728,nord,einfamilienhaus,391.3,1996,2011.0,5,2,dreifach,waermepumpe,22.0,3687,0.131,0,3.68,0.0,0,30891,78.95,B
1729,sued,einfamilienhaus,324.5,1995,2025.0,5,2,zweifach,gas,21.2,3008,0.131,0,0.86,8.77,1,30920,95.27,B
1730,sued,einfamilienhaus,192.3,2009,,2,3,zweifach,waermepumpe,22.9,2977,0.252,1,3.08,0.0,1,12737,66.25,B
1731,sued,einfamilienhaus,155.0,1972,1979.0,1,2,zweifach,fernwaerme,21.6,2695,0.194,1,0.89,3.47,1,12580,81.15,B
1732,ost,einfamilienhaus,180.8,1978,,5,2,zweifach,gas,21.0,2919,0.25,0,0.8,0.0,1,19213,106.26,C
1733,sued,mehrfamilienhaus,91.0,1979,,1,2,dreifach,pellet,19.9,3027,0.257,0,0.82,0.0,1,7314,80.37,B
1734,nord,einfamilienhaus,215.6,1953,1958.0,2,1,dreifach,pellet,21.0,3334,0.143,0,0.94,,0,21450,99.49,B
1735,west,mehrfamilienhaus,311.8,2005,,6,3,dreifach,waermepumpe,21.3,3514,0.139,0,3.16,0.0,1,24741,79.34,B
1736,west,einfamilienhaus,319.3,1990,1998.0,4,2,alt,waermepumpe,20.5,2941,0.174,1,3.24,0.0,0,31142,97.54,B
1737,sued,einfamilienhaus,81.1,1985,2014.0,3,1,alt,oel,19.6,2812,0.211,0,0.93,0.0,0,9353,115.3,C
1738,ost,schule,279.5,2024,2025.0,4,2,dreifach,gas,19.5,2517,0.11,0,0.88,0.0,1,23785,85.11,B
1739,west,halle,91.3,1963,1989.0,1,1,alt,gas,18.7,3325,0.203,0,0.95,0.0,0,13898,152.27,C
1740,nord,buero,60.7,2022,2025.0,1,2,alt,waermepumpe,18.7,3544,0.2,1,,5.74,1,4304,70.88,B
1741,ost,einfamilienhaus,284.4,2001,2012.0,5,2,alt,waermepumpe,19.9,3442,0.124,0,3.11,11.1,0,31414,110.45,C
1742,west,mehrfamilienhaus,136.2,1966,,3,1,zweifach,pellet,17.6,3462,0.125,1,0.89,5.9,0,14797,108.67,C
1743,nord,einfamilienhaus,265.7,2000,2014.0,4,3,zweifach,waermepumpe,21.5,3626,0.202,0,3.88,0.0,0,16671,62.75,B
1744,nord,mehrfamilienhaus,254.6,2006,2025.0,5,3,dreifach,fernwaerme,21.9,3641,0.284,0,0.93,0.0,0,18501,72.67,B
1745,sued,schule,239.6,1977,,5,1,alt,gas,21.0,3164,0.165,0,0.88,5.27,0,39353,164.23,C
1746,sued,einfamilienhaus,179.8,1975,,3,1,alt,gas,22.7,3217,0.196,1,0.86,0.0,1,24925,138.63,C
1747,sued,schule,95.8,2012,,1,2,dreifach,oel,22.5,2305,0.15,0,,0.0,1,6829,71.28,B
1748,nord,mehrfamilienhaus,151.1,1962,1965.0,1,2,alt,waermepumpe,21.1,2965,0.192,0,3.26,4.95,0,8700,57.58,B
1749,sued,einfamilienhaus,321.8,1951,1961.0,6,1,dreifach,gas,20.4,2508,0.149,0,0.84,10.32,1,35235,109.49,C
1750,nord,einfamilienhaus,268.9,1999,2018.0,5,2,dreifach,waermepumpe,20.1,3795,0.167,0,3.29,6.18,1,18468,68.68,B
1751,west,buero,154.8,2017,2022.0,2,3,zweifach,waermepumpe,21.2,2826,0.302,1,3.13,6.37,1,5254,33.95,A
1752,nord,einfamilienhaus,153.9,1987,1990.0,4,2,zweifach,gas,20.3,3132,0.185,1,0.89,0.0,1,16407,106.63,C
1753,nord,einfamilienhaus,229.7,1960,,2,1,zweifach,waermepumpe,21.2,3352,0.102,0,3.45,0.0,1,25050,109.05,C
1754,sued,einfamilienhaus,185.8,1990,2010.0,5,2,zweifach,fernwaerme,21.2,2515,0.212,0,0.94,0.0,0,17922,96.44,B
1755,nord,halle,158.5,1968,1996.0,3,2,dreifach,waermepumpe,18.2,3483,0.236,0,4.01,3.38,0,12265,77.39,B
1756,sued,einfamilienhaus,220.8,2012,,4,2,zweifach,oel,21.8,2204,0.214,0,0.68,0.0,0,18968,85.89,B
1757,nord,halle,217.4,1995,,3,2,alt,oel,18.2,2938,0.171,1,0.92,1.79,1,30890,142.07,C
1758,ost,mehrfamilienhaus,128.0,1975,,1,1,zweifach,gas,20.5,3170,0.134,0,0.95,0.0,0,14175,110.7,C
1759,nord,einfamilienhaus,203.0,1996,2025.0,3,3,dreifach,fernwaerme,19.3,2915,0.135,1,0.94,6.18,1,13610,67.04,B
1760,ost,einfamilienhaus,211.3,2000,,4,2,zweifach,waermepumpe,20.2,3555,0.171,0,3.78,0.0,0,20670,97.81,B
1761,nord,buero,173.5,2000,,4,3,alt,pellet,23.1,3366,0.162,0,0.91,0.0,0,18992,109.46,C
1762,ost,einfamilienhaus,121.8,1977,,2,2,zweifach,waermepumpe,19.4,3496,0.152,0,2.92,8.94,0,8211,67.39,B
1763,nord,einfamilienhaus,148.9,1992,,1,2,dreifach,gas,21.0,3475,0.241,0,0.81,0.0,1,14315,96.12,B
1764,west,einfamilienhaus,110.8,1953,1957.0,1,1,dreifach,pellet,20.0,3096,0.226,1,0.86,0.0,0,10424,94.11,B
1765,sued,buero,205.6,1980,2004.0,6,2,dreifach,gas,17.8,2601,0.243,0,0.87,,1,16022,77.94,B
1766,nord,mehrfamilienhaus,81.3,1978,2013.0,1,2,dreifach,gas,21.2,3675,0.141,0,0.85,0.0,1,6154,75.67,B
1767,nord,mehrfamilienhaus,337.6,1990,2013.0,7,4,dreifach,waermepumpe,19.8,3504,0.134,1,3.31,4.48,0,17907,53.04,B
1768,nord,einfamilienhaus,304.9,2021,,4,3,dreifach,waermepumpe,20.9,4080,0.184,0,2.73,0.0,1,21251,69.7,B
1769,nord,einfamilienhaus,213.7,2021,2025.0,3,3,zweifach,pellet,21.7,3640,0.201,0,0.86,5.04,1,24785,116.0,C
1770,sued,buero,261.5,1986,2002.0,5,2,alt,waermepumpe,20.8,2811,0.184,1,2.64,0.0,1,27509,105.18,C
1771,ost,einfamilienhaus,253.4,1998,2025.0,3,2,zweifach,gas,20.9,3201,0.197,0,1.0,5.62,0,26717,105.44,C
1772,west,halle,187.2,1958,1964.0,5,1,zweifach,gas,17.5,3248,0.259,0,0.89,0.0,1,25067,133.94,C
1773,west,buero,160.5,1986,,3,2,zweifach,gas,21.3,3507,0.169,1,0.87,0.0,1,14734,91.79,B
1774,nord,einfamilienhaus,152.2,2001,2007.0,3,3,zweifach,fernwaerme,20.3,3813,0.22,0,0.95,0.0,1,13916,91.42,B
1775,nord,buero,343.6,2001,2025.0,5,3,zweifach,fernwaerme,18.1,3293,0.206,0,0.94,0.0,0,27928,81.28,B
1776,nord,mehrfamilienhaus,119.8,2022,,3,3,alt,gas,21.5,2925,0.185,1,0.95,,1,7785,64.96,B
1777,nord,mehrfamilienhaus,120.9,1984,2023.0,4,2,dreifach,oel,21.9,2701,,0,0.81,0.0,1,8828,73.01,B
1778,sued,einfamilienhaus,272.4,2018,,4,3,alt,fernwaerme,22.3,2551,,1,0.95,0.0,0,27212,99.91,B
1779,nord,schule,260.4,2023,,6,2,zweifach,waermepumpe,23.5,3143,0.132,1,3.7,0.0,1,15862,60.93,B
1780,nord,einfamilienhaus,156.2,1992,2025.0,2,3,dreifach,oel,21.4,3877,0.202,0,0.8,8.0,0,10556,67.57,B
1781,nord,buero,224.3,1956,1989.0,5,1,zweifach,gas,21.1,3882,0.098,0,0.87,0.0,0,32000,142.67,C
1782,sued,einfamilienhaus,238.0,1978,1998.0,5,2,zweifach,waermepumpe,21.8,3286,0.206,1,3.54,0.0,1,22189,93.21,B
1783,nord,einfamilienhaus,93.7,2007,2013.0,1,3,zweifach,waermepumpe,19.4,3781,0.124,0,3.09,7.79,0,5512,58.81,B
1784,west,halle,314.2,1993,,5,2,dreifach,gas,16.5,2852,0.256,0,0.85,0.0,0,33943,108.03,C
1785,ost,mehrfamilienhaus,238.0,2020,2025.0,4,3,dreifach,gas,19.9,2570,0.16,0,0.93,0.0,1,11159,46.89,A
1786,ost,einfamilienhaus,215.5,2011,2025.0,3,2,zweifach,pellet,22.0,2748,0.253,0,0.94,0.0,1,16595,77.0,B
1787,sued,buero,238.9,1954,,4,1,zweifach,waermepumpe,19.7,2238,0.169,0,2.88,11.36,0,12460,52.16,B
1788,sued,einfamilienhaus,203.6,2014,2022.0,4,4,zweifach,gas,21.1,2560,0.167,1,0.84,0.0,0,12597,61.87,B
1789,ost,buero,168.9,1976,2002.0,3,2,zweifach,fernwaerme,21.2,2923,0.223,0,0.97,3.16,0,16362,96.86,B
1790,sued,schule,68.1,2011,,1,3,dreifach,fernwaerme,21.2,3008,0.195,0,0.91,5.11,0,3931,57.68,B
1791,ost,einfamilienhaus,187.9,1988,2006.0,3,3,dreifach,gas,19.0,3147,0.177,1,0.85,10.76,1,14597,77.68,B
1792,ost,mehrfamilienhaus,90.0,1984,2021.0,1,2,alt,gas,20.9,2859,0.16,0,0.87,9.33,0,6736,74.86,B
1793,nord,halle,408.5,1955,1955.0,7,1,alt,pellet,18.0,3549,0.16,0,0.85,0.0,1,75734,185.41,C
1794,sued,schule,167.6,1958,1967.0,2,1,zweifach,fernwaerme,22.9,2715,0.298,1,0.88,5.19,0,14824,88.44,B
1795,sued,mehrfamilienhaus,405.1,1994,2025.0,8,1,alt,gas,21.9,2954,0.096,0,0.89,2.53,1,51294,126.63,C
1796,sued,mehrfamilienhaus,189.4,1992,2025.0,1,2,dreifach,waermepumpe,20.0,2562,0.12,0,2.7,0.0,0,10689,56.44,B
1797,west,mehrfamilienhaus,133.0,1991,,2,2,zweifach,oel,22.6,3481,0.239,1,0.94,0.0,1,13805,103.77,C
1798,sued,einfamilienhaus,309.9,1961,2000.0,5,1,alt,fernwaerme,20.9,2957,0.235,0,0.86,0.0,1,40522,130.75,C
1799,west,mehrfamilienhaus,211.5,1988,1996.0,6,2,dreifach,gas,18.5,3338,0.134,0,0.92,0.0,1,17186,81.27,B
1800,ost,einfamilienhaus,479.8,1954,1956.0,6,1,dreifach,gas,20.4,2674,0.092,1,0.93,5.22,0,40522,84.45,B
1801,sued,einfamilienhaus,131.5,1960,1972.0,3,3,dreifach,gas,22.5,3011,0.244,0,0.88,0.0,1,9979,75.89,B
1802,sued,einfamilienhaus,316.1,1987,2008.0,6,1,alt,pellet,19.5,3150,0.128,1,0.87,0.0,0,37304,118.02,C
1803,nord,buero,324.1,1996,1996.0,6,2,dreifach,fernwaerme,20.4,2635,0.155,0,0.89,13.54,1,20017,61.77,B
1804,nord,einfamilienhaus,247.3,1999,2005.0,6,2,alt,waermepumpe,18.9,3759,0.185,1,2.2,2.94,1,25538,103.27,C
1805,sued,einfamilienhaus,325.4,2023,2025.0,7,2,zweifach,gas,19.1,2513,0.126,0,0.87,0.0,0,30371,93.35,B
1806,nord,einfamilienhaus,169.4,2014,2025.0,2,2,alt,waermepumpe,19.5,3424,0.226,0,3.13,7.23,0,16753,98.89,B
1807,nord,einfamilienhaus,119.6,1978,,2,2,dreifach,fernwaerme,19.0,3976,0.181,0,0.91,8.96,0,12681,106.05,C
1808,west,halle,138.5,2008,,1,3,dreifach,waermepumpe,17.8,3434,0.136,0,3.78,7.06,1,8912,64.34,B
1809,ost,einfamilienhaus,183.4,1957,1966.0,3,1,alt,gas,22.6,2579,0.14,0,0.83,0.0,0,19419,105.88,C
1810,nord,einfamilienhaus,253.2,2014,,3,3,zweifach,fernwaerme,20.5,3288,0.245,0,0.94,0.0,0,18055,71.29,B
1811,nord,halle,123.4,1978,,2,2,zweifach,gas,19.4,3782,0.166,1,0.78,0.0,1,16371,132.68,C
1812,west,einfamilienhaus,152.3,2007,,1,3,alt,gas,21.8,2814,0.211,0,0.93,0.0,1,16906,111.02,C
1813,west,mehrfamilienhaus,127.9,2022,2025.0,3,2,alt,waermepumpe,19.2,2974,0.18,1,3.07,0.0,0,9825,76.8,B
1814,sued,buero,274.4,2002,2010.0,3,3,dreifach,gas,19.5,2814,0.092,0,0.94,6.5,0,17011,61.98,B
1815,nord,buero,403.5,2019,2025.0,7,3,dreifach,gas,21.4,3550,0.217,0,0.92,0.0,1,29718,73.65,B
1816,ost,einfamilienhaus,110.5,1950,1971.0,1,1,zweifach,waermepumpe,19.7,2562,0.234,0,3.01,0.0,1,9257,83.81,B
1817,ost,mehrfamilienhaus,229.2,1962,1982.0,3,1,dreifach,gas,21.3,3319,0.272,1,0.92,0.0,0,23038,100.51,C
1818,west,mehrfamilienhaus,290.7,1996,,6,1,zweifach,fernwaerme,22.5,2882,0.085,0,0.97,0.0,0,33493,115.22,C
1819,sued,mehrfamilienhaus,162.6,1990,,3,2,alt,waermepumpe,18.8,2946,0.05,0,3.13,0.0,1,15005,92.31,B
1820,west,einfamilienhaus,92.1,1959,,3,1,dreifach,waermepumpe,20.1,3021,0.212,0,3.22,0.0,0,7903,85.8,B
1821,ost,buero,308.5,2003,,7,2,zweifach,gas,20.3,3310,0.15,0,0.88,0.0,1,32063,103.92,C
1822,west,mehrfamilienhaus,89.6,1954,1961.0,1,2,dreifach,fernwaerme,19.9,3093,0.108,0,1.02,0.0,1,6251,69.76,B
1823,ost,mehrfamilienhaus,351.7,2024,,8,3,alt,fernwaerme,19.8,3604,0.185,0,0.98,0.0,1,36940,105.03,C
1824,ost,schule,126.7,1961,1967.0,1,2,dreifach,gas,20.3,3446,0.158,0,0.85,12.78,0,9989,78.85,B
1825,sued,buero,83.9,1983,2000.0,2,2,zweifach,waermepumpe,20.5,2672,0.116,0,,6.46,0,5298,63.13,B
1826,sued,buero,143.3,2011,2011.0,2,2,dreifach,pellet,20.7,3428,0.176,0,0.82,7.84,1,11677,81.5,B
1827,west,einfamilienhaus,176.7,1988,2013.0,2,2,zweifach,gas,21.6,3212,0.208,0,0.89,6.88,0,16583,93.86,B
1828,ost,einfamilienhaus,194.1,2005,2012.0,4,3,zweifach,gas,20.5,3159,0.189,1,0.87,6.78,0,15728,81.05,B
1829,west,mehrfamilienhaus,238.2,2002,2011.0,5,2,dreifach,waermepumpe,21.8,3397,0.189,0,2.99,0.0,0,15657,65.73,B
1830,ost,einfamilienhaus,202.2,2021,2025.0,4,2,zweifach,oel,19.8,2736,0.202,0,0.75,0.0,0,16650,82.34,B
1831,ost,mehrfamilienhaus,387.5,1984,1991.0,7,2,dreifach,waermepumpe,19.1,2617,0.095,0,3.09,0.0,0,27134,70.02,B
1832,ost,mehrfamilienhaus,172.8,2023,2025.0,3,2,zweifach,gas,20.1,3109,0.177,0,0.86,0.0,0,13251,76.66,B
1833,nord,mehrfamilienhaus,207.2,1988,2010.0,4,3,zweifach,gas,21.1,3138,0.192,0,0.83,0.0,0,12852,62.02,B
1834,west,einfamilienhaus,199.2,2016,,4,2,dreifach,waermepumpe,21.5,3826,0.161,0,3.51,0.0,1,17636,88.53,B
1835,nord,buero,79.7,2004,2016.0,2,3,dreifach,pellet,22.3,3082,0.139,0,0.88,0.0,0,5181,65.04,B
1836,ost,mehrfamilienhaus,101.3,1959,1990.0,2,1,zweifach,gas,20.8,3114,0.143,1,0.9,9.24,1,7807,77.08,B
1837,ost,mehrfamilienhaus,183.7,1998,,4,2,zweifach,waermepumpe,21.4,3167,0.165,0,3.59,0.0,1,15171,82.56,B
1838,sued,mehrfamilienhaus,219.0,2015,,2,3,dreifach,oel,22.1,3381,0.226,1,0.9,0.0,1,17838,81.46,B
1839,west,einfamilienhaus,67.0,1959,,1,1,alt,gas,19.6,2752,0.256,0,0.77,7.21,1,9038,134.88,C
1840,west,mehrfamilienhaus,396.2,2012,,5,2,zweifach,fernwaerme,20.2,2536,0.246,1,0.92,0.0,1,29314,73.99,B
1841,ost,einfamilienhaus,227.2,1957,,4,1,zweifach,gas,23.8,3588,0.102,1,0.8,7.91,0,26740,117.68,C
1842,ost,mehrfamilienhaus,179.0,2015,2025.0,5,2,alt,waermepumpe,21.5,3128,0.133,0,3.8,0.0,0,13028,72.79,B
1843,nord,einfamilienhaus,222.4,2009,2010.0,3,3,zweifach,gas,21.1,3633,0.213,0,0.89,0.0,1,22325,100.4,C
1844,west,einfamilienhaus,139.5,1961,1992.0,2,1,alt,fernwaerme,21.6,3400,0.245,0,0.99,0.0,1,18560,133.01,C
1845,nord,einfamilienhaus,195.0,2004,2025.0,4,2,alt,gas,18.9,3711,0.132,1,0.85,0.0,0,27414,140.56,C
1846,west,einfamilienhaus,209.5,1958,,1,2,zweifach,waermepumpe,19.7,2968,0.189,0,3.14,0.0,1,15712,74.98,B
1847,west,schule,310.3,1992,2004.0,5,2,zweifach,pellet,19.7,2873,0.123,0,0.89,2.55,1,32602,105.08,C
1848,sued,buero,165.8,2019,,3,2,alt,oel,21.0,2251,,0,0.8,0.0,1,15602,94.13,B
1849,west,einfamilienhaus,90.7,1965,,1,2,zweifach,oel,20.1,2752,0.148,0,0.76,0.0,0,7033,77.56,B
1850,ost,einfamilienhaus,118.2,1963,1978.0,1,2,dreifach,pellet,,3122,0.189,0,0.88,5.31,0,9873,83.56,B
1851,ost,buero,159.6,1981,1995.0,4,1,zweifach,gas,20.1,2855,0.119,0,0.87,1.88,0,12902,80.82,B
1852,ost,einfamilienhaus,95.1,1977,1984.0,3,1,dreifach,waermepumpe,18.5,2701,0.098,0,3.46,0.0,0,6933,72.9,B
1853,nord,einfamilienhaus,112.4,1953,1963.0,2,1,alt,fernwaerme,21.6,3368,0.335,0,0.93,7.31,0,13936,124.02,C
1854,sued,einfamilienhaus,118.7,1984,2007.0,3,2,dreifach,waermepumpe,18.4,3420,0.183,0,2.8,0.0,0,8922,75.19,B
1855,sued,mehrfamilienhaus,154.7,1969,1998.0,3,2,zweifach,gas,19.6,2930,0.287,1,0.81,4.02,1,13094,84.64,B
1856,west,halle,225.8,1959,1989.0,4,2,dreifach,gas,16.9,2704,,1,0.83,0.0,0,21205,93.89,B
1857,west,einfamilienhaus,151.4,1970,,2,1,dreifach,gas,19.4,3545,0.098,1,0.9,0.0,1,16884,111.55,C
1858,nord,halle,233.0,1951,,4,1,zweifach,gas,18.7,3079,0.198,0,0.8,0.0,0,30072,129.07,C
1859,nord,buero,179.1,2018,2025.0,2,3,dreifach,gas,22.0,3868,0.115,0,0.84,,1,18546,103.58,C
1860,ost,halle,114.1,2024,2025.0,3,3,dreifach,pellet,16.6,3008,0.165,0,0.89,0.0,1,8121,71.18,B
1861,nord,buero,211.2,1977,,5,2,zweifach,gas,19.8,3386,0.086,0,0.84,0.0,1,19311,91.44,B
1862,sued,buero,196.2,2015,,5,2,alt,gas,18.4,3496,0.101,1,0.89,0.0,0,22375,114.04,C
1863,sued,mehrfamilienhaus,235.9,1984,,3,2,zweifach,gas,19.8,2477,0.137,1,0.88,0.0,0,20207,85.67,B
1864,sued,buero,258.6,2018,2025.0,3,3,zweifach,oel,20.6,2582,0.153,1,0.8,0.0,1,13573,52.48,B
1865,sued,einfamilienhaus,314.9,1962,,7,1,zweifach,fernwaerme,21.4,2836,0.182,1,0.88,0.0,1,29159,92.59,B
1866,west,mehrfamilienhaus,229.4,1971,1973.0,4,2,zweifach,gas,18.0,3051,0.128,0,0.94,0.0,1,17840,77.78,B
1867,sued,mehrfamilienhaus,193.2,2005,,4,1,zweifach,waermepumpe,21.2,3875,0.187,0,2.86,6.67,0,18837,97.5,B
1868,west,einfamilienhaus,236.4,1966,,3,1,zweifach,waermepumpe,19.3,2789,0.237,1,3.06,9.87,0,23745,100.46,C
1869,west,einfamilienhaus,144.5,2011,,3,2,dreifach,gas,19.0,2644,0.194,0,0.88,0.0,0,9907,68.54,B
1870,sued,einfamilienhaus,139.7,1981,1996.0,1,3,dreifach,waermepumpe,20.6,2622,0.177,1,3.56,0.0,0,8239,58.99,B
1871,nord,einfamilienhaus,335.4,1980,,6,1,zweifach,gas,21.3,3431,0.197,0,0.85,4.05,1,31648,94.36,B
1872,west,einfamilienhaus,137.8,1983,1991.0,4,2,dreifach,oel,20.4,3272,0.108,0,0.88,4.26,0,11925,86.53,B
1873,ost,einfamilienhaus,120.0,2009,2025.0,4,3,dreifach,pellet,19.2,2853,0.228,0,0.86,0.0,1,8598,71.63,B
1874,ost,einfamilienhaus,229.3,1950,1964.0,5,1,dreifach,waermepumpe,20.4,3107,0.12,0,3.11,0.0,0,18091,78.89,B
1875,ost,mehrfamilienhaus,145.1,2006,,1,2,alt,gas,19.6,3781,,0,0.91,0.0,0,19137,131.88,C
1876,ost,einfamilienhaus,257.4,2008,2011.0,5,3,zweifach,fernwaerme,21.2,3112,0.219,0,0.89,0.0,0,14419,56.02,B
1877,nord,einfamilienhaus,303.9,2011,,8,2,zweifach,gas,21.8,3462,0.208,0,0.92,0.0,1,32930,108.35,C
1878,nord,einfamilienhaus,127.7,2024,2025.0,1,3,zweifach,fernwaerme,21.7,4011,0.21,0,0.89,0.0,1,11882,93.08,B
1879,west,einfamilienhaus,242.2,2008,2025.0,4,3,zweifach,waermepumpe,20.5,2856,0.18,0,3.5,0.0,1,16663,68.8,B
1880,sued,einfamilienhaus,136.3,1989,2015.0,4,2,dreifach,gas,21.8,2683,0.141,1,0.88,0.0,0,10488,76.94,B
1881,west,halle,161.2,1984,1986.0,3,2,zweifach,waermepumpe,17.3,2936,0.133,0,3.61,0.0,0,15475,95.99,B
1882,west,einfamilienhaus,206.7,1979,2010.0,6,2,dreifach,waermepumpe,22.6,2915,0.268,1,4.2,9.28,1,9751,47.17,A
1883,ost,einfamilienhaus,139.8,2012,2025.0,1,3,alt,gas,19.3,2463,0.185,0,0.83,,1,9438,67.51,B
1884,west,mehrfamilienhaus,198.2,1979,,2,2,dreifach,waermepumpe,18.1,3148,0.124,0,,0.0,0,18368,92.69,B
1885,sued,buero,167.4,1992,2003.0,4,2,dreifach,waermepumpe,22.1,3026,0.206,0,3.01,0.0,0,8379,50.07,B
1886,ost,einfamilienhaus,260.1,1957,,3,2,dreifach,gas,19.6,3035,0.197,1,0.87,0.0,0,18250,70.16,B
1887,west,einfamilienhaus,260.4,1973,,4,2,dreifach,fernwaerme,20.6,3187,0.164,0,0.92,7.69,1,23609,90.66,B
1888,west,mehrfamilienhaus,140.1,1969,2006.0,2,2,dreifach,waermepumpe,19.3,3190,0.135,0,2.71,0.0,0,6771,48.32,A
1889,nord,mehrfamilienhaus,208.9,1982,2017.0,5,1,zweifach,pellet,23.3,2889,0.217,0,0.93,6.22,0,20947,100.28,C
1890,west,einfamilienhaus,278.9,1987,2016.0,5,1,zweifach,gas,22.7,3201,0.227,0,0.92,0.0,0,38571,138.31,C
1891,nord,halle,111.5,2003,2024.0,2,2,zweifach,fernwaerme,20.4,3545,0.196,0,0.96,0.0,1,11314,101.44,C
1892,west,halle,166.9,1982,2003.0,2,2,dreifach,waermepumpe,18.6,2541,0.184,0,3.41,0.0,0,12168,72.91,B
1893,sued,mehrfamilienhaus,204.7,1961,1999.0,5,1,zweifach,pellet,21.7,3462,0.141,0,0.8,0.0,0,17132,83.7,B
1894,nord,einfamilienhaus,109.4,1990,1998.0,7,2,zweifach,gas,20.4,2917,0.204,0,0.86,0.0,1,12786,116.85,C
1895,west,mehrfamilienhaus,147.7,1954,1992.0,3,2,zweifach,fernwaerme,21.8,2702,0.148,1,0.87,0.0,0,7288,49.34,A
1896,sued,halle,368.0,2013,,6,3,dreifach,waermepumpe,18.0,3021,,0,3.55,2.43,0,20716,56.29,B
1897,nord,schule,137.6,2007,2025.0,1,2,zweifach,gas,22.8,3537,0.236,0,0.86,6.07,0,12917,93.86,B
1898,west,einfamilienhaus,144.5,1966,1989.0,2,1,zweifach,oel,,3372,0.129,0,0.84,0.0,0,19813,137.07,C
1899,west,einfamilienhaus,83.9,1969,2001.0,1,2,zweifach,fernwaerme,20.1,3296,0.085,0,0.99,6.14,0,6320,75.31,B
1900,sued,einfamilienhaus,228.1,1952,,3,1,zweifach,fernwaerme,19.9,2768,0.245,0,0.91,7.71,0,20963,91.88,B
1901,sued,buero,103.6,1977,,2,2,dreifach,waermepumpe,20.7,2988,0.093,0,3.38,8.37,0,3663,35.36,A
1902,nord,mehrfamilienhaus,168.5,1952,,5,1,zweifach,gas,20.0,3239,0.161,1,0.84,4.37,1,16944,100.53,C
1903,ost,einfamilienhaus,120.6,2020,,4,3,zweifach,waermepumpe,21.1,3161,0.125,0,3.08,0.0,1,7897,65.5,B
1904,sued,einfamilienhaus,198.0,1960,1996.0,3,1,alt,gas,19.9,2974,0.144,0,0.9,0.0,0,24747,124.99,C
1905,nord,einfamilienhaus,48.7,1999,,1,2,zweifach,waermepumpe,21.4,3173,0.291,0,,0.0,1,4372,89.76,B
1906,ost,buero,185.6,1992,2025.0,5,2,dreifach,oel,22.3,2978,0.175,0,0.83,0.0,0,14985,80.73,B
1907,west,einfamilienhaus,207.3,1967,1968.0,3,1,dreifach,gas,20.6,2452,0.198,0,0.94,1.67,1,18288,88.22,B
1908,west,einfamilienhaus,149.5,2010,2025.0,1,3,zweifach,pellet,23.2,3391,0.22,0,0.9,0.0,0,11310,75.68,B
1909,sued,mehrfamilienhaus,153.7,1958,,3,2,zweifach,waermepumpe,21.9,3054,0.148,0,3.69,0.0,0,12340,80.27,B
1910,sued,mehrfamilienhaus,141.2,2016,2025.0,4,3,zweifach,gas,23.1,2143,0.234,0,0.92,0.0,0,7502,53.14,B
1911,west,mehrfamilienhaus,167.5,2005,2025.0,1,3,zweifach,gas,20.4,3378,0.199,0,0.84,0.0,0,11241,67.1,B
1912,west,buero,337.5,1997,2025.0,5,2,zweifach,fernwaerme,18.5,3081,0.218,0,0.85,0.0,0,31580,93.56,B
1913,nord,einfamilienhaus,263.9,2015,2025.0,4,2,dreifach,pellet,19.7,3022,0.144,1,,5.93,0,18184,68.91,B
1914,ost,einfamilienhaus,167.5,1980,1980.0,4,1,zweifach,gas,19.8,2741,0.202,0,0.97,0.0,1,17421,104.03,C
1915,nord,einfamilienhaus,147.7,1971,,2,2,zweifach,pellet,19.4,3109,0.18,0,0.86,0.0,0,16527,111.86,C
1916,nord,mehrfamilienhaus,252.4,1961,1986.0,3,1,dreifach,gas,17.9,3024,0.236,1,0.87,0.0,0,25039,99.19,B
1917,ost,schule,192.2,2019,2025.0,4,3,zweifach,waermepumpe,22.1,2821,0.153,1,2.71,0.0,1,11476,59.72,B
1918,sued,einfamilienhaus,108.2,1980,1987.0,1,2,dreifach,oel,18.3,3545,0.282,0,0.89,9.0,0,11501,106.27,C
1919,west,buero,158.7,2012,2025.0,3,2,zweifach,gas,21.6,3230,0.197,0,0.89,8.83,0,10563,66.55,B
1920,west,mehrfamilienhaus,320.6,1974,,4,1,dreifach,pellet,23.1,3813,0.174,1,0.85,0.0,0,28630,89.31,B
1921,ost,halle,224.0,2021,,2,4,alt,gas,17.6,3179,0.168,0,,0.0,0,21630,96.57,B
1922,ost,einfamilienhaus,148.5,2015,2025.0,3,3,dreifach,pellet,21.0,3303,0.18,0,0.88,4.77,1,9716,65.44,B
1923,nord,einfamilienhaus,88.0,1973,2011.0,2,1,alt,gas,20.0,3042,0.149,0,0.78,5.37,0,11131,126.53,C
1924,nord,buero,197.5,1986,,4,2,zweifach,gas,21.5,3291,0.213,0,0.83,5.65,0,20476,103.65,C
1925,nord,buero,179.5,2009,2013.0,2,3,zweifach,pellet,19.1,3321,0.179,0,0.86,9.43,1,14304,79.69,B
1926,west,mehrfamilienhaus,165.1,1966,1966.0,2,2,zweifach,fernwaerme,20.3,3317,0.277,0,0.89,0.0,1,14889,90.18,B
1927,nord,buero,253.7,1951,1990.0,6,1,zweifach,gas,21.8,3333,0.158,0,0.86,4.98,1,28117,110.81,C
1928,west,einfamilienhaus,225.3,1971,,2,3,alt,fernwaerme,20.4,3223,0.174,1,0.84,0.0,0,26214,116.37,C
1929,ost,mehrfamilienhaus,89.3,1994,2024.0,3,3,zweifach,gas,18.5,3210,0.158,1,0.85,0.0,0,5017,56.21,B
1930,sued,einfamilienhaus,180.0,1960,1961.0,5,1,zweifach,waermepumpe,,2844,0.273,0,3.92,0.0,1,14633,81.31,B
1931,west,einfamilienhaus,98.9,1975,2010.0,3,1,alt,gas,18.9,2958,0.108,0,0.84,0.0,0,13085,132.36,C
1932,west,einfamilienhaus,142.2,2018,2025.0,2,3,zweifach,fernwaerme,20.6,2866,0.185,0,1.01,12.92,1,11147,78.36,B
1933,nord,einfamilienhaus,95.7,1955,1963.0,1,1,dreifach,gas,21.2,3729,0.196,0,0.85,4.64,1,9278,96.97,B
1934,west,einfamilienhaus,97.2,1953,,1,1,zweifach,waermepumpe,,2994,0.124,1,,5.67,1,7701,79.25,B
1935,ost,mehrfamilienhaus,208.6,1981,1992.0,2,2,alt,pellet,23.5,3215,0.312,1,0.81,0.0,0,17392,83.37,B
1936,west,buero,199.2,1950,,2,3,zweifach,waermepumpe,21.4,3045,0.133,0,3.38,0.0,1,11855,59.5,B
1937,nord,einfamilienhaus,173.9,1952,1975.0,4,1,dreifach,gas,20.3,3722,0.182,0,0.82,1.33,1,20960,120.52,C
1938,sued,einfamilienhaus,136.7,1963,1980.0,3,1,dreifach,gas,21.2,2254,0.264,1,0.92,0.0,1,13149,96.16,B
1939,sued,einfamilienhaus,92.7,1957,1959.0,1,1,alt,gas,20.8,3056,0.161,0,0.8,0.0,1,11677,126.0,C
1940,west,einfamilienhaus,142.5,2010,2020.0,3,4,alt,waermepumpe,20.6,2661,0.187,0,2.47,6.9,1,6430,45.11,A
1941,west,einfamilienhaus,199.7,1959,,4,2,dreifach,gas,20.8,3237,0.163,0,0.83,3.57,1,17876,89.54,B
1942,ost,mehrfamilienhaus,197.6,1989,2023.0,5,3,zweifach,fernwaerme,20.0,3049,0.177,0,0.86,0.0,1,9804,49.62,A
1943,west,schule,317.4,2002,2006.0,6,2,zweifach,gas,21.2,2583,0.234,0,0.83,0.0,1,33736,106.28,C
1944,ost,mehrfamilienhaus,296.1,1996,,6,3,alt,pellet,19.9,3218,0.159,1,0.89,6.29,1,23493,79.33,B
1945,nord,mehrfamilienhaus,177.0,1999,,4,2,dreifach,fernwaerme,18.2,3428,0.05,0,0.89,0.0,1,15187,85.78,B
1946,nord,mehrfamilienhaus,141.9,1976,2014.0,4,2,alt,fernwaerme,21.9,3269,0.178,0,0.97,7.49,1,13760,96.99,B
1947,nord,einfamilienhaus,121.9,2016,,1,3,dreifach,waermepumpe,19.8,3313,0.183,0,3.38,0.0,1,8750,71.77,B
1948,nord,einfamilienhaus,86.6,1955,,1,2,zweifach,pellet,20.7,3407,0.19,0,0.86,0.0,0,9098,105.02,C
1949,sued,einfamilienhaus,103.5,1958,,2,1,zweifach,fernwaerme,19.6,3362,0.171,1,0.96,5.92,1,11218,108.34,C
1950,nord,einfamilienhaus,199.8,2014,2025.0,3,2,zweifach,waermepumpe,19.6,3240,0.137,1,2.97,10.2,1,15769,78.93,B
1951,sued,buero,232.4,1955,1992.0,4,1,dreifach,fernwaerme,19.3,3305,0.168,1,,0.0,1,24061,103.53,C
1952,nord,mehrfamilienhaus,154.8,1964,1967.0,3,1,dreifach,oel,21.6,3337,0.268,0,0.88,0.0,0,18132,117.14,C
1953,sued,einfamilienhaus,471.9,1962,1993.0,8,1,zweifach,gas,21.9,3404,0.178,1,0.87,0.0,0,54636,115.79,C
1954,ost,einfamilienhaus,104.0,1952,,2,2,dreifach,waermepumpe,20.5,3018,0.213,0,2.54,0.0,0,4900,47.12,A
1955,ost,einfamilienhaus,83.1,1958,1990.0,1,1,zweifach,waermepumpe,19.9,2867,0.128,0,3.22,,1,5705,68.65,B
1956,sued,schule,467.8,1992,,8,2,zweifach,gas,18.9,2566,0.165,0,0.86,0.0,1,37550,80.26,B
1957,west,einfamilienhaus,90.8,1999,2025.0,2,3,zweifach,gas,21.5,3088,0.13,1,0.86,0.0,1,5800,63.9,B
1958,west,mehrfamilienhaus,153.8,1956,,1,2,dreifach,waermepumpe,19.7,2822,0.245,0,2.42,8.88,1,5463,35.51,A
1959,ost,einfamilienhaus,126.4,2020,,2,3,zweifach,gas,19.2,3592,0.102,0,0.76,7.92,0,11187,88.47,B
1960,west,einfamilienhaus,206.5,1957,1990.0,1,2,dreifach,waermepumpe,20.5,2795,0.199,1,3.27,0.0,1,15457,74.83,B
1961,sued,einfamilienhaus,148.7,2001,,3,3,alt,waermepumpe,20.1,2708,0.197,0,3.48,3.24,1,12591,84.7,B
1962,west,schule,232.7,2010,2025.0,4,3,dreifach,gas,19.1,3303,0.194,1,0.95,7.13,1,15536,66.75,B
1963,nord,einfamilienhaus,256.1,1989,2007.0,4,2,alt,gas,18.8,3765,0.063,0,0.94,2.57,0,33206,129.64,C
1964,nord,mehrfamilienhaus,86.3,1986,2003.0,3,1,zweifach,gas,20.9,3606,0.079,0,0.88,0.0,0,11665,135.21,C
1965,nord,einfamilienhaus,120.2,1958,,1,2,zweifach,gas,19.7,3721,0.186,0,0.82,0.0,1,14625,121.71,C
1966,west,mehrfamilienhaus,241.9,1968,1977.0,5,1,zweifach,fernwaerme,21.1,3072,0.134,0,0.94,0.0,0,23937,98.94,B
1967,nord,mehrfamilienhaus,279.9,2013,2017.0,7,2,dreifach,waermepumpe,20.7,3327,0.148,0,3.62,0.0,1,17966,64.19,B
1968,nord,mehrfamilienhaus,189.9,1976,,4,2,zweifach,waermepumpe,21.8,4054,0.159,1,2.62,0.0,1,16203,85.34,B
1969,sued,einfamilienhaus,213.5,1952,1984.0,4,1,alt,gas,19.5,3542,0.127,0,0.83,0.0,1,37821,177.13,C
1970,west,einfamilienhaus,327.0,2004,2010.0,4,2,dreifach,waermepumpe,20.8,3350,0.119,0,2.78,0.0,0,22996,70.33,B
1971,sued,buero,149.5,2001,2014.0,1,3,dreifach,gas,21.3,3337,0.18,0,0.81,0.0,0,10486,70.14,B
1972,sued,mehrfamilienhaus,188.9,1954,1980.0,3,2,zweifach,waermepumpe,19.7,3250,0.085,0,4.0,0.0,1,10841,57.38,B
1973,nord,einfamilienhaus,296.3,1953,1972.0,4,1,dreifach,gas,21.9,2928,0.155,0,0.91,0.0,1,25376,85.65,B
1974,west,einfamilienhaus,305.0,1958,1982.0,4,1,zweifach,fernwaerme,18.5,3086,0.147,0,0.89,0.0,0,32666,107.1,C
1975,nord,einfamilienhaus,168.1,1953,1974.0,2,1,dreifach,fernwaerme,19.5,3874,0.179,0,0.9,0.0,0,19179,114.09,C
1976,ost,einfamilienhaus,121.9,1996,,2,3,dreifach,gas,18.5,3352,0.299,0,0.9,0.0,1,8850,72.63,B
1977,ost,einfamilienhaus,167.3,1959,1994.0,3,1,zweifach,pellet,19.6,3078,0.131,0,0.9,0.0,0,18668,111.61,C
1978,nord,einfamilienhaus,174.6,1995,2012.0,1,1,alt,gas,20.3,3878,0.2,0,0.97,7.02,0,23431,134.21,C
1979,sued,einfamilienhaus,119.9,1963,1980.0,1,1,dreifach,gas,21.5,3079,0.191,0,0.84,5.41,1,8980,74.9,B
1980,sued,mehrfamilienhaus,127.8,2022,2025.0,2,3,dreifach,fernwaerme,,3214,0.208,1,0.9,6.14,0,5033,39.37,A
1981,nord,schule,305.2,2004,,5,3,zweifach,fernwaerme,20.2,3481,0.169,0,0.93,0.0,0,29411,96.37,B
1982,nord,mehrfamilienhaus,218.0,1978,2011.0,6,2,zweifach,gas,18.6,3539,0.252,0,0.91,10.64,0,21068,96.62,B
1983,nord,mehrfamilienhaus,154.2,1982,,3,2,zweifach,gas,19.0,3564,0.214,0,0.86,0.0,0,15287,99.16,B
1984,nord,buero,106.8,1954,1981.0,1,2,dreifach,gas,20.9,3805,0.215,0,0.94,4.39,0,8110,75.96,B
1985,west,einfamilienhaus,128.5,1954,1970.0,3,1,zweifach,waermepumpe,21.6,3600,0.109,0,2.92,,0,12032,93.62,B
1986,sued,mehrfamilienhaus,80.4,1990,,2,2,alt,fernwaerme,20.0,2792,0.185,0,0.99,0.0,0,7170,89.2,B
1987,nord,einfamilienhaus,192.1,1951,1979.0,3,1,alt,gas,22.0,3474,0.155,1,0.85,3.63,1,24800,129.08,C
1988,nord,einfamilienhaus,125.4,1997,2018.0,1,3,zweifach,oel,19.4,3795,0.137,1,0.84,0.02,0,12563,100.18,C
1989,west,mehrfamilienhaus,199.0,1978,2015.0,5,1,dreifach,waermepumpe,20.0,3054,0.149,0,3.1,11.05,1,16170,81.24,B
1990,west,einfamilienhaus,240.8,1960,1995.0,3,1,zweifach,waermepumpe,20.1,2642,0.177,0,,0.0,1,19930,82.77,B
1991,west,mehrfamilienhaus,200.4,1990,1996.0,4,1,zweifach,gas,22.3,2782,0.203,1,0.92,4.94,1,14459,72.16,B
1992,nord,mehrfamilienhaus,145.7,1991,2000.0,3,2,zweifach,fernwaerme,20.7,3056,0.229,1,1.07,0.0,0,14880,102.1,C
1993,sued,einfamilienhaus,117.2,2005,,3,3,alt,gas,18.3,2790,0.227,0,0.87,5.39,0,13187,112.5,C
1994,nord,einfamilienhaus,100.1,1964,,4,1,alt,gas,21.6,3089,0.195,1,0.82,15.38,1,13532,135.16,C
1995,west,mehrfamilienhaus,291.4,1991,,6,2,zweifach,waermepumpe,22.7,3460,0.183,0,3.46,4.91,0,22886,78.54,B
1996,ost,mehrfamilienhaus,196.4,2013,,3,3,zweifach,waermepumpe,20.2,3003,0.164,0,3.01,7.48,1,9808,49.93,A
1997,sued,buero,149.5,1970,,4,1,zweifach,gas,19.4,3391,0.168,0,0.89,0.0,1,15976,106.9,C
1998,nord,einfamilienhaus,226.3,2012,2017.0,3,3,dreifach,waermepumpe,21.5,2954,0.141,0,3.88,0.0,0,15243,67.35,B
1999,west,buero,269.8,2004,2007.0,5,3,zweifach,waermepumpe,22.9,2976,0.159,1,3.53,0.0,0,22265,82.51,B
2000,nord,einfamilienhaus,126.6,1982,,1,2,alt,waermepumpe,21.5,3386,0.198,0,3.42,0.0,1,11398,90.06,B
2001,west,einfamilienhaus,193.8,2016,2025.0,2,3,alt,waermepumpe,18.6,3384,0.257,0,4.13,6.04,1,9859,50.89,B
2002,nord,mehrfamilienhaus,195.5,2022,2025.0,3,4,zweifach,fernwaerme,21.4,3750,0.173,0,0.97,0.0,1,12812,65.53,B
2003,west,einfamilienhaus,320.4,1967,,6,1,alt,pellet,21.0,2912,0.14,0,0.79,0.0,1,37872,118.2,C
2004,nord,einfamilienhaus,148.5,2023,2025.0,1,2,dreifach,gas,19.4,3698,0.228,0,0.81,0.0,0,11773,79.27,B
2005,sued,einfamilienhaus,115.4,1950,,3,1,dreifach,fernwaerme,22.0,2361,,1,0.96,0.0,0,8313,72.05,B
2006,west,buero,203.5,1959,1962.0,2,2,dreifach,gas,21.0,3405,0.232,0,0.93,11.89,1,17084,83.97,B
2007,ost,schule,234.9,1953,1978.0,5,2,zweifach,waermepumpe,22.5,2631,0.108,1,3.6,0.0,0,15979,68.03,B
2008,nord,halle,186.6,1977,,3,1,dreifach,gas,17.2,3506,0.213,0,0.86,0.0,1,23194,124.28,C
2009,ost,einfamilienhaus,330.7,2020,,4,1,zweifach,oel,21.0,3495,0.156,0,0.8,0.0,0,44413,134.31,C
2010,ost,einfamilienhaus,148.3,1995,2025.0,3,2,dreifach,waermepumpe,19.4,3411,0.196,1,3.06,10.35,1,5352,36.08,A
2011,sued,buero,188.7,1996,,2,2,zweifach,gas,20.8,2376,0.284,0,0.95,6.53,1,15316,81.15,B
2012,nord,einfamilienhaus,89.1,1956,1967.0,3,1,zweifach,gas,22.3,3193,0.138,0,0.97,0.0,0,9701,108.83,C
2013,nord,einfamilienhaus,112.6,1988,1998.0,2,2,zweifach,gas,18.8,3601,0.13,0,0.91,0.0,1,11282,100.2,C
2014,ost,einfamilienhaus,126.9,1978,,2,1,zweifach,waermepumpe,18.9,3341,0.184,0,3.67,7.68,1,10832,85.35,B
2015,ost,mehrfamilienhaus,159.4,1985,1996.0,3,2,zweifach,gas,21.6,3197,0.256,0,0.88,1.88,1,14618,91.71,B
2016,nord,mehrfamilienhaus,95.2,1969,1978.0,1,2,zweifach,oel,20.5,2579,0.189,1,0.92,0.0,0,7951,83.5,B
2017,sued,einfamilienhaus,224.9,1965,,2,2,alt,fernwaerme,21.9,3369,0.182,0,0.9,7.63,0,27504,122.3,C
2018,nord,einfamilienhaus,122.0,2021,2025.0,3,3,dreifach,pellet,19.5,3832,0.188,0,0.83,8.61,1,9104,74.63,B
2019,west,mehrfamilienhaus,431.1,1991,1997.0,6,2,zweifach,waermepumpe,20.6,3157,,0,3.19,0.0,0,27590,64.01,B
2020,west,mehrfamilienhaus,123.9,1980,2009.0,1,2,alt,gas,21.3,3180,0.189,0,0.84,7.96,1,7257,58.58,B
2021,ost,einfamilienhaus,180.0,1955,,4,1,alt,waermepumpe,20.8,3276,0.16,1,4.05,10.4,0,20020,111.21,C
2022,west,einfamilienhaus,170.0,2007,,3,3,zweifach,waermepumpe,18.4,3611,0.246,0,3.25,0.0,1,15683,92.25,B
2023,sued,halle,108.5,1985,2013.0,1,2,dreifach,waermepumpe,21.9,3038,0.22,0,2.98,7.9,1,6416,59.14,B
2024,sued,mehrfamilienhaus,159.7,1979,1987.0,2,2,zweifach,fernwaerme,20.8,2883,0.114,0,0.85,4.17,0,13471,84.37,B
2025,ost,mehrfamilienhaus,158.8,2000,,2,2,dreifach,gas,18.9,3234,0.166,0,0.89,0.0,0,10724,67.54,B
2026,sued,mehrfamilienhaus,256.2,1959,1960.0,6,1,dreifach,waermepumpe,20.9,2946,0.206,0,2.92,0.0,0,16940,66.11,B
2027,nord,halle,206.9,1989,2012.0,5,1,zweifach,fernwaerme,19.0,3350,0.131,0,0.93,0.0,1,23810,115.07,C
2028,sued,einfamilienhaus,223.4,2014,,3,2,dreifach,gas,21.7,2332,0.126,1,0.87,0.0,0,17585,78.72,B
2029,nord,einfamilienhaus,253.7,1984,1998.0,5,2,zweifach,gas,21.6,3533,0.157,0,0.83,0.0,1,26185,103.22,C
2030,ost,einfamilienhaus,225.0,1950,1977.0,2,1,dreifach,gas,20.2,3510,0.197,1,0.83,0.0,1,29228,129.88,C
2031,sued,buero,193.0,1967,1982.0,2,1,zweifach,fernwaerme,18.4,3307,0.232,1,0.85,0.0,0,19727,102.2,C
2032,nord,einfamilienhaus,126.4,1954,1980.0,2,1,dreifach,gas,,3683,0.192,1,0.92,,1,14798,117.07,C
2033,nord,einfamilienhaus,187.5,1987,1995.0,4,1,dreifach,fernwaerme,,3331,0.303,1,0.89,0.74,0,17934,95.64,B
2034,west,einfamilienhaus,116.2,1977,1999.0,2,1,zweifach,waermepumpe,22.0,3151,0.146,1,2.51,0.0,0,12530,107.86,C
2035,ost,mehrfamilienhaus,165.1,1959,1989.0,3,1,dreifach,gas,19.6,3517,0.217,0,0.84,5.59,1,17613,106.68,C
2036,nord,mehrfamilienhaus,155.6,2001,2025.0,3,4,zweifach,gas,21.3,3654,0.125,0,0.83,5.26,0,9395,60.37,B
2037,ost,einfamilienhaus,160.0,1963,1977.0,2,2,dreifach,gas,19.7,3620,0.261,0,0.87,0.0,0,16056,100.32,C
2038,west,einfamilienhaus,95.6,1975,1993.0,1,1,dreifach,gas,19.9,2865,0.248,0,0.93,6.36,1,9256,96.79,B
2039,sued,buero,49.0,2024,2025.0,1,3,zweifach,waermepumpe,19.5,2712,0.216,0,3.15,4.93,1,2405,49.11,A
2040,sued,einfamilienhaus,143.1,1954,,3,1,zweifach,fernwaerme,21.4,2834,0.093,0,0.97,10.32,1,11663,81.5,B
2041,west,mehrfamilienhaus,280.9,1968,,5,1,zweifach,waermepumpe,19.8,2770,0.215,0,2.57,0.0,0,22520,80.18,B
2042,sued,einfamilienhaus,178.8,1973,1998.0,3,1,dreifach,pellet,21.4,2487,0.139,0,0.94,0.0,1,12555,70.21,B
2043,west,schule,271.5,1988,2020.0,3,2,dreifach,gas,20.2,3264,0.203,1,0.82,0.0,0,23352,86.02,B
2044,sued,einfamilienhaus,116.5,1968,1971.0,1,1,zweifach,waermepumpe,20.2,3090,0.107,0,2.65,0.0,0,9549,81.96,B
2045,west,mehrfamilienhaus,140.0,2022,2025.0,3,3,zweifach,oel,20.5,3186,0.193,0,0.76,0.0,0,11531,82.36,B
2046,sued,einfamilienhaus,443.6,1950,,8,1,alt,fernwaerme,20.7,3074,0.162,0,0.98,0.0,1,51272,115.58,C
2047,ost,einfamilienhaus,119.6,2021,2025.0,2,3,zweifach,gas,19.4,2588,0.141,0,0.88,0.0,1,6917,57.85,B
2048,nord,mehrfamilienhaus,221.4,1990,,3,2,zweifach,gas,21.3,3182,0.21,0,0.93,5.21,0,17537,79.2,B
2049,nord,mehrfamilienhaus,221.3,1952,1987.0,4,1,dreifach,waermepumpe,20.2,3247,0.177,0,2.66,0.0,0,15906,71.89,B
2050,sued,buero,210.4,1958,1984.0,2,1,zweifach,fernwaerme,21.2,2967,0.17,1,1.05,8.02,1,15648,74.38,B
2051,west,mehrfamilienhaus,222.7,1957,1990.0,5,1,alt,gas,20.5,2589,0.217,1,0.8,0.0,0,21628,97.12,B
2052,west,mehrfamilienhaus,118.8,1971,1978.0,2,2,zweifach,gas,21.2,2775,0.275,0,0.94,2.26,0,10549,88.78,B
2053,west,buero,146.2,1974,,2,1,alt,fernwaerme,20.0,2947,0.194,0,,0.0,1,18373,125.71,C
2054,sued,einfamilienhaus,53.3,1998,,1,1,zweifach,waermepumpe,19.6,3320,0.09,1,3.12,0.0,0,3556,66.7,B
2055,west,schule,325.4,1973,2007.0,5,2,zweifach,fernwaerme,21.4,3192,0.102,0,0.88,0.0,0,29914,91.92,B
2056,sued,einfamilienhaus,222.1,2004,,5,2,zweifach,gas,19.9,3308,0.183,0,0.95,0.0,1,28208,127.01,C
2057,ost,einfamilienhaus,127.0,1972,2005.0,2,3,alt,gas,22.3,3057,0.231,0,0.93,0.0,0,12750,100.42,C
2058,sued,buero,117.1,1969,,2,1,dreifach,waermepumpe,20.6,2950,0.187,0,3.35,0.0,1,8874,75.81,B
2059,ost,einfamilienhaus,283.1,1970,,5,2,zweifach,waermepumpe,18.9,3275,0.206,1,2.84,0.95,1,28017,98.95,B
2060,nord,einfamilienhaus,123.1,1974,,1,2,alt,gas,19.8,3288,0.177,1,0.94,0.0,0,13826,112.33,C
2061,nord,einfamilienhaus,126.8,2012,2025.0,2,2,zweifach,oel,19.3,3131,0.228,1,0.98,5.58,1,12491,98.51,B
2062,ost,mehrfamilienhaus,106.5,1968,1978.0,2,1,zweifach,oel,21.8,2579,0.211,1,0.84,0.0,1,10430,97.95,B
2063,nord,mehrfamilienhaus,241.1,1970,,2,2,zweifach,fernwaerme,21.4,3141,0.129,1,0.94,5.91,1,19940,82.72,B
2064,nord,einfamilienhaus,269.7,2021,2025.0,5,3,alt,gas,20.4,3643,0.202,0,0.94,9.46,1,27434,101.74,C
2065,west,einfamilienhaus,156.1,1999,,3,2,zweifach,fernwaerme,20.8,3541,0.103,0,0.94,0.0,0,16544,106.02,C
2066,ost,einfamilienhaus,270.5,1964,1996.0,5,1,zweifach,pellet,20.4,2829,0.202,0,0.92,5.53,1,24538,90.73,B
2067,west,einfamilienhaus,202.4,2015,,3,3,alt,gas,21.5,2493,0.166,1,0.79,3.49,1,19132,94.53,B
2068,nord,einfamilienhaus,103.7,1963,1988.0,2,1,dreifach,gas,21.1,3674,0.188,0,0.84,0.75,1,9248,89.15,B
2069,west,einfamilienhaus,314.4,1962,,7,2,zweifach,gas,21.3,3124,0.196,0,0.9,10.8,0,29741,94.6,B
2070,west,buero,106.0,1983,2019.0,1,2,dreifach,gas,20.3,2629,0.194,0,0.94,0.0,1,7610,71.79,B
2071,west,mehrfamilienhaus,161.1,2001,2003.0,2,3,zweifach,pellet,19.7,2011,,0,0.97,0.0,0,9514,59.05,B
2072,sued,einfamilienhaus,156.3,1964,1982.0,3,2,dreifach,pellet,21.3,2613,0.182,0,0.91,6.89,1,9846,63.01,B
2073,sued,einfamilienhaus,144.1,2006,2021.0,3,3,zweifach,gas,22.4,2788,0.189,0,0.86,2.04,0,7314,50.74,B
2074,ost,einfamilienhaus,70.1,1961,,2,2,dreifach,waermepumpe,21.8,2697,0.246,0,2.9,6.89,0,3624,51.72,B
2075,ost,einfamilienhaus,399.3,2008,2025.0,8,3,dreifach,gas,22.4,3342,0.275,0,0.79,0.0,0,27240,68.22,B
2076,west,einfamilienhaus,73.9,1957,1966.0,2,1,zweifach,fernwaerme,20.7,2816,0.179,0,0.9,0.0,1,7820,105.83,C
2077,nord,schule,323.6,1984,2007.0,7,2,zweifach,waermepumpe,19.7,3354,0.154,0,3.36,9.01,1,27420,84.74,B
2078,nord,mehrfamilienhaus,115.3,1998,2006.0,2,3,zweifach,gas,19.4,4181,0.157,0,0.81,0.0,0,8211,71.19,B
2079,west,einfamilienhaus,132.2,1969,2005.0,1,1,dreifach,fernwaerme,22.2,3141,0.203,1,0.86,7.12,1,8177,61.84,B
2080,nord,einfamilienhaus,308.8,1995,2024.0,5,1,dreifach,fernwaerme,18.3,3310,0.17,1,0.89,0.0,0,27151,87.93,B
2081,sued,mehrfamilienhaus,212.2,2001,2017.0,4,3,dreifach,gas,22.3,2917,0.093,0,0.8,0.0,0,12389,58.38,B
2082,nord,schule,90.4,1998,2001.0,2,2,alt,pellet,20.0,3584,0.236,0,0.77,4.91,0,10166,112.43,C
2083,ost,einfamilienhaus,89.6,1979,1985.0,2,1,alt,gas,22.8,3291,0.221,0,0.92,12.48,0,9837,109.75,C
2084,ost,buero,198.3,2007,2016.0,3,3,alt,gas,20.4,2749,0.237,1,0.96,,0,18124,91.41,B
2085,sued,einfamilienhaus,105.2,2004,2020.0,1,3,dreifach,pellet,21.4,2806,0.247,0,0.84,0.0,0,7599,72.22,B
2086,west,mehrfamilienhaus,216.8,1974,2009.0,3,1,zweifach,oel,23.4,2866,0.19,0,0.8,0.0,0,21067,97.19,B
2087,west,einfamilienhaus,226.8,2005,,5,3,dreifach,oel,,3001,0.193,0,0.81,0.0,0,18159,80.05,B
2088,nord,mehrfamilienhaus,120.7,2018,2025.0,3,1,zweifach,gas,20.1,3989,0.23,1,0.94,0.0,0,12208,101.14,C
2089,ost,einfamilienhaus,135.4,2011,2024.0,1,2,zweifach,gas,19.7,3316,0.119,0,0.84,0.0,1,13765,101.68,C
2090,west,mehrfamilienhaus,201.2,2004,,4,3,zweifach,gas,19.3,3072,0.162,0,0.91,0.0,0,15490,76.99,B
2091,nord,mehrfamilienhaus,118.4,2007,2025.0,1,2,zweifach,oel,20.1,3786,0.177,0,0.8,7.37,0,12054,101.82,C
2092,nord,mehrfamilienhaus,178.9,2010,,4,3,dreifach,fernwaerme,19.8,3416,0.226,1,0.95,0.0,0,14559,81.36,B
2093,sued,mehrfamilienhaus,456.6,1971,,7,2,zweifach,oel,19.0,2377,0.153,0,0.84,5.02,1,41604,91.11,B
2094,west,einfamilienhaus,205.5,2004,2024.0,5,1,zweifach,waermepumpe,,3682,0.144,0,3.32,0.0,1,19066,92.76,B
2095,ost,mehrfamilienhaus,145.0,1964,1977.0,2,1,alt,waermepumpe,21.0,3045,,0,3.17,0.0,0,12884,88.83,B
2096,nord,einfamilienhaus,418.9,1976,2010.0,7,2,dreifach,gas,19.4,2560,0.203,0,0.89,0.0,1,24484,58.45,B
2097,west,mehrfamilienhaus,249.0,2020,,5,4,zweifach,pellet,20.3,2540,0.177,0,0.9,0.0,1,14483,58.17,B
2098,west,einfamilienhaus,106.3,1971,1998.0,1,1,zweifach,waermepumpe,22.2,3495,0.107,0,3.16,4.73,1,9761,91.82,B
2099,sued,einfamilienhaus,115.1,2013,,2,2,zweifach,pellet,18.8,2396,0.117,0,0.94,0.0,0,7679,66.73,B
2100,sued,einfamilienhaus,77.4,1981,1981.0,1,1,alt,waermepumpe,22.8,3422,0.187,1,3.53,0.0,1,10845,140.1,C
2101,west,halle,199.5,1965,,3,1,zweifach,gas,17.7,3128,0.188,0,0.92,0.0,0,27702,138.83,C
2102,sued,mehrfamilienhaus,65.2,1957,1965.0,1,2,alt,gas,20.7,3200,0.181,0,,0.0,0,6187,94.9,B
2103,west,einfamilienhaus,418.6,1991,,8,2,zweifach,waermepumpe,22.0,3010,0.156,1,3.43,0.0,1,46663,111.47,C
2104,ost,mehrfamilienhaus,152.9,1983,,2,1,dreifach,fernwaerme,22.4,3283,0.219,0,0.96,0.0,0,11478,75.08,B
2105,nord,einfamilienhaus,256.1,1988,1993.0,5,2,zweifach,waermepumpe,21.1,3461,0.198,0,3.06,3.25,1,26075,101.83,C
2106,west,einfamilienhaus,146.7,1953,1981.0,3,1,dreifach,waermepumpe,19.7,3087,,0,2.95,0.0,0,11996,81.76,B
2107,sued,einfamilienhaus,198.0,1970,1989.0,2,1,zweifach,gas,19.6,2577,0.199,0,0.91,0.0,0,18836,95.15,B
2108,ost,buero,162.1,1950,1970.0,3,1,zweifach,oel,19.8,3225,0.26,0,1.05,0.0,0,18816,116.07,C
2109,sued,schule,176.6,1972,1991.0,1,1,alt,pellet,23.2,2314,0.129,0,0.93,0.0,1,21033,119.09,C
2110,west,schule,293.0,2019,,6,3,dreifach,gas,20.4,3426,0.159,0,0.82,4.17,0,28507,97.31,B
2111,ost,einfamilienhaus,359.3,1961,1999.0,5,1,zweifach,waermepumpe,20.9,3169,0.163,1,3.34,,0,34620,96.37,B
2112,west,einfamilienhaus,346.0,2001,2021.0,6,2,dreifach,pellet,19.2,3262,0.243,0,0.9,0.0,1,20301,58.68,B
2113,nord,buero,627.7,1950,1956.0,8,1,zweifach,gas,19.1,2434,0.161,0,0.99,0.0,0,64585,102.89,C
2114,sued,einfamilienhaus,124.1,1992,2005.0,2,2,alt,gas,20.5,2556,0.14,0,0.82,4.97,0,9950,80.16,B
2115,west,mehrfamilienhaus,206.7,2019,2025.0,5,3,zweifach,fernwaerme,20.1,2923,0.175,1,0.87,0.0,1,15159,73.33,B
2116,west,halle,125.4,1975,1979.0,1,3,zweifach,waermepumpe,18.2,3336,0.185,0,3.26,0.0,0,9625,76.75,B
2117,west,einfamilienhaus,287.3,1964,,4,3,zweifach,fernwaerme,18.7,2770,0.24,1,1.03,0.0,0,21520,74.9,B
2118,sued,einfamilienhaus,108.6,1992,2000.0,2,1,zweifach,gas,20.4,3842,0.161,0,0.83,2.36,0,13122,120.86,C
2119,ost,buero,295.4,1970,2008.0,5,1,alt,gas,22.4,3008,0.146,0,0.96,2.89,0,38135,129.12,C
2120,sued,mehrfamilienhaus,189.5,2016,2025.0,1,2,zweifach,gas,19.5,2594,0.135,1,0.9,5.53,0,8629,45.54,A
2121,ost,schule,166.3,2013,2025.0,5,3,zweifach,gas,22.0,3035,0.163,0,0.87,6.44,1,14461,86.96,B
2122,sued,mehrfamilienhaus,175.0,1998,2020.0,4,2,dreifach,gas,16.3,2617,0.308,0,0.9,8.48,0,11327,64.72,B
2123,sued,einfamilienhaus,100.3,1997,,3,2,zweifach,waermepumpe,19.5,2535,0.199,0,3.0,0.0,0,7357,73.38,B
2124,sued,buero,103.9,1995,2025.0,2,3,zweifach,gas,18.2,3304,0.21,0,0.96,0.0,0,7806,75.1,B
2125,ost,buero,191.0,2005,2025.0,1,2,dreifach,waermepumpe,,3280,0.18,0,3.5,4.49,1,11947,62.54,B
2126,ost,schule,190.4,1984,1993.0,4,2,zweifach,pellet,22.0,3281,0.187,0,0.92,0.0,1,18983,99.68,B
2127,ost,einfamilienhaus,127.9,2022,,1,3,alt,fernwaerme,19.3,3547,0.219,0,0.95,0.0,0,13294,103.91,C
2128,nord,mehrfamilienhaus,152.1,1975,2001.0,3,1,dreifach,fernwaerme,20.8,3520,0.208,0,0.92,0.0,1,13544,89.04,B
2129,ost,einfamilienhaus,214.7,1950,,3,2,zweifach,gas,21.9,2726,0.197,0,0.85,0.0,0,24189,112.65,C
2130,nord,einfamilienhaus,118.1,2002,,2,2,zweifach,fernwaerme,22.1,3598,0.181,0,0.94,8.75,0,9297,78.71,B
2131,west,halle,73.7,1999,2001.0,1,3,zweifach,gas,18.0,2706,0.162,1,0.89,0.0,0,7090,96.15,B
2132,nord,halle,331.0,2023,,7,2,dreifach,gas,15.8,3183,0.201,1,0.94,6.1,1,35644,107.69,C
2133,west,mehrfamilienhaus,197.2,1979,1996.0,2,1,dreifach,fernwaerme,19.4,3084,0.184,1,0.92,0.0,0,15440,78.31,B
2134,nord,halle,138.3,1981,,5,1,dreifach,gas,19.4,3298,0.287,0,0.88,0.0,0,13613,98.44,B
2135,west,einfamilienhaus,125.2,1992,,5,1,zweifach,gas,23.0,2473,0.233,0,0.9,0.0,1,9562,76.35,B
2136,sued,buero,117.6,1979,,4,1,dreifach,fernwaerme,20.4,2611,0.146,0,0.88,11.31,1,8582,72.98,B
2137,west,mehrfamilienhaus,286.8,2008,2025.0,6,1,zweifach,oel,19.8,3092,0.122,0,0.73,10.31,1,23854,83.17,B
2138,west,mehrfamilienhaus,93.0,1982,,1,2,alt,gas,23.4,2886,0.16,1,1.02,2.09,1,9656,103.81,C
2139,sued,mehrfamilienhaus,206.5,2008,,5,2,zweifach,gas,21.0,3344,0.126,0,0.92,2.5,1,17248,83.53,B
2140,nord,mehrfamilienhaus,206.4,1981,1988.0,3,2,alt,gas,19.0,3804,0.157,0,0.9,12.44,0,25615,124.1,C
2141,sued,buero,243.1,1966,1988.0,2,2,dreifach,fernwaerme,20.4,2558,0.132,0,0.9,5.74,0,13983,57.53,B
2142,ost,einfamilienhaus,144.3,2024,2025.0,4,2,zweifach,fernwaerme,21.7,3121,0.164,1,0.93,0.0,1,11628,80.58,B
2143,west,buero,317.7,1989,,7,2,zweifach,gas,20.4,3654,0.164,0,0.96,9.75,0,31747,99.94,B
2144,west,einfamilienhaus,246.4,2003,2018.0,4,2,alt,fernwaerme,21.5,3053,0.187,1,1.0,0.0,1,26594,107.93,C
2145,ost,einfamilienhaus,142.1,1994,1996.0,1,3,alt,pellet,18.6,2958,0.17,1,0.9,0.0,0,15191,106.91,C
2146,sued,mehrfamilienhaus,122.6,1976,1994.0,1,1,dreifach,fernwaerme,18.8,3251,0.135,0,0.92,0.0,0,9782,79.78,B
2147,ost,buero,162.3,2022,,1,2,zweifach,fernwaerme,19.6,3004,0.241,1,0.91,0.0,0,15368,94.68,B
2148,sued,schule,140.0,1977,,3,1,dreifach,fernwaerme,,3395,0.2,0,0.91,0.0,1,14219,101.59,C
2149,sued,einfamilienhaus,113.8,2024,2025.0,1,2,zweifach,waermepumpe,20.9,2742,0.153,0,3.21,0.0,0,5815,51.09,B
2150,sued,einfamilienhaus,178.6,1982,,3,2,dreifach,pellet,,2784,0.136,0,0.86,0.0,1,14545,81.45,B
2151,west,mehrfamilienhaus,152.6,1951,1960.0,2,1,zweifach,gas,23.5,3377,0.107,1,0.86,0.0,0,14850,97.33,B
2152,nord,buero,353.5,1952,,4,2,alt,gas,19.6,3385,0.103,0,0.93,0.0,1,32664,92.41,B
2153,west,halle,139.9,2023,,3,3,dreifach,gas,18.1,3138,0.232,0,0.85,0.0,1,11577,82.78,B
2154,sued,buero,122.1,1989,,2,3,zweifach,waermepumpe,19.6,2282,0.227,0,3.88,0.0,1,4275,35.0,A
2155,ost,mehrfamilienhaus,173.3,1979,,4,2,dreifach,gas,21.8,2976,0.151,0,,0.0,0,10283,59.33,B
2156,ost,buero,194.3,2010,2025.0,2,2,zweifach,waermepumpe,21.9,3402,0.248,0,3.24,0.0,0,13601,69.99,B
2157,nord,einfamilienhaus,201.2,1996,,2,1,zweifach,gas,20.0,3076,,0,0.89,0.0,0,22604,112.37,C
2158,sued,schule,200.3,1999,2025.0,1,3,zweifach,fernwaerme,23.4,3195,0.19,0,0.93,0.0,0,13052,65.18,B
2159,west,mehrfamilienhaus,176.0,2001,,1,2,zweifach,gas,19.6,3194,0.223,0,0.86,0.0,1,17008,96.63,B
2160,nord,einfamilienhaus,170.2,1964,1976.0,5,2,zweifach,oel,21.7,3280,0.211,0,0.91,0.0,0,19652,115.46,C
2161,nord,mehrfamilienhaus,227.4,1956,1962.0,6,1,dreifach,oel,22.2,3825,0.188,0,0.76,6.19,1,23035,101.28,C
2162,sued,buero,109.3,2004,2025.0,2,3,dreifach,waermepumpe,18.9,2831,0.168,0,3.61,2.19,0,5228,47.84,A
2163,ost,einfamilienhaus,122.5,1951,1952.0,1,1,zweifach,fernwaerme,21.2,3005,0.175,1,0.94,0.0,1,14319,116.87,C
2164,ost,einfamilienhaus,83.2,2003,2006.0,1,2,alt,oel,17.2,3026,0.1,0,0.91,0.0,1,8247,99.18,B
2165,sued,mehrfamilienhaus,110.1,1959,1979.0,3,1,alt,waermepumpe,21.5,2978,0.14,0,3.29,,1,11712,106.4,C
2166,ost,halle,273.6,1969,1990.0,4,2,zweifach,pellet,17.2,3368,0.27,1,0.97,0.0,0,31507,115.14,C
2167,west,mehrfamilienhaus,223.0,2003,2016.0,4,4,zweifach,waermepumpe,21.2,2585,0.139,0,2.86,0.0,1,7846,35.18,A
2168,ost,einfamilienhaus,376.0,1996,,6,1,alt,waermepumpe,21.4,3404,0.087,0,2.54,0.0,0,44149,117.41,C
2169,sued,mehrfamilienhaus,333.3,2008,2024.0,5,3,zweifach,fernwaerme,21.8,2974,0.225,0,0.97,0.0,0,18457,55.38,B
2170,ost,einfamilienhaus,223.9,1995,,3,1,zweifach,waermepumpe,21.6,3294,0.192,0,3.12,,1,17910,79.98,B
2171,ost,einfamilienhaus,185.0,1953,1970.0,3,1,alt,fernwaerme,,3937,0.195,0,0.93,0.0,0,29973,162.03,C
2172,sued,einfamilienhaus,174.8,2012,,2,1,dreifach,pellet,20.0,2771,0.172,1,0.91,6.82,1,14497,82.92,B
2173,sued,mehrfamilienhaus,63.7,1966,,2,1,alt,waermepumpe,20.4,2521,0.226,0,3.08,0.0,0,3819,59.99,B
2174,west,einfamilienhaus,166.1,1960,1967.0,2,1,alt,gas,19.2,3168,0.256,0,0.88,3.76,0,23860,143.65,C
2175,nord,einfamilienhaus,132.2,2015,2025.0,2,2,zweifach,gas,20.2,3473,0.154,0,,0.0,1,13923,105.34,C
2176,sued,einfamilienhaus,112.2,1964,1967.0,4,2,dreifach,waermepumpe,20.2,3255,0.212,0,2.77,0.0,0,6486,57.79,B
2177,sued,mehrfamilienhaus,207.7,1990,2016.0,3,1,dreifach,waermepumpe,19.6,2762,0.236,0,3.55,2.8,1,12433,59.88,B
2178,nord,einfamilienhaus,157.1,1986,2001.0,4,2,zweifach,fernwaerme,18.4,3059,0.151,1,0.88,0.0,1,17097,108.82,C
2179,west,einfamilienhaus,179.7,2007,2021.0,1,2,zweifach,pellet,19.0,2563,0.255,0,0.96,0.0,0,10408,57.91,B
2180,ost,mehrfamilienhaus,105.1,1953,1974.0,1,2,zweifach,fernwaerme,16.7,2621,0.236,1,0.85,0.0,0,8598,81.84,B
2181,west,buero,251.3,1958,1961.0,4,1,dreifach,gas,,2954,0.118,0,0.88,0.0,0,20533,81.7,B
2182,sued,buero,139.6,1981,,5,1,dreifach,fernwaerme,20.9,2909,0.26,0,0.84,8.95,0,11510,82.47,B
2183,nord,einfamilienhaus,202.6,1985,2023.0,1,2,alt,gas,17.3,4073,0.121,0,0.82,4.81,1,24500,120.91,C
2184,sued,mehrfamilienhaus,144.9,2009,2025.0,2,3,zweifach,fernwaerme,20.8,2358,0.146,0,0.98,0.0,1,9704,66.97,B
2185,nord,buero,59.3,1995,2017.0,3,3,dreifach,waermepumpe,20.4,3467,0.214,0,2.76,11.19,0,1979,33.35,A
2186,sued,mehrfamilienhaus,211.5,1961,,3,1,zweifach,gas,19.1,2696,0.232,1,0.87,0.0,0,18135,85.74,B
2187,west,mehrfamilienhaus,161.8,2023,,2,3,alt,waermepumpe,20.0,3178,0.185,0,3.4,7.74,0,10139,62.66,B
2188,sued,einfamilienhaus,80.7,1984,,2,2,dreifach,waermepumpe,21.8,2756,0.149,0,3.34,0.0,0,5999,74.3,B
2189,ost,einfamilienhaus,99.5,2022,2025.0,2,2,dreifach,gas,19.3,3462,0.167,0,0.93,0.0,0,7608,76.46,B
2190,ost,einfamilienhaus,254.8,2024,2025.0,6,2,zweifach,waermepumpe,20.6,3460,0.161,0,2.86,0.0,1,25012,98.18,B
2191,sued,einfamilienhaus,82.4,1953,1989.0,2,1,zweifach,waermepumpe,20.9,2910,0.222,0,3.7,7.52,0,6601,80.1,B
2192,sued,halle,137.9,1987,,4,3,zweifach,fernwaerme,17.5,3454,0.16,0,0.92,0.0,1,12492,90.58,B
2193,sued,einfamilienhaus,391.9,1981,1993.0,6,2,dreifach,gas,21.7,3216,0.147,0,0.89,0.0,0,36189,92.35,B
2194,ost,mehrfamilienhaus,214.0,1987,,3,2,zweifach,gas,21.0,3587,0.106,1,0.91,0.0,1,21310,99.58,B
2195,west,halle,238.5,1973,2000.0,4,2,alt,fernwaerme,18.2,3085,0.15,0,0.97,0.0,1,27483,115.22,C
2196,west,mehrfamilienhaus,151.0,1991,2015.0,1,3,zweifach,gas,23.3,3433,0.174,1,0.91,0.0,1,10727,71.04,B
2197,sued,einfamilienhaus,77.8,1986,,2,2,dreifach,gas,21.7,2681,0.123,1,0.89,0.0,0,6449,82.88,B
2198,ost,halle,187.6,1963,1973.0,3,2,zweifach,pellet,16.5,2796,0.093,0,0.9,0.0,0,22669,120.83,C
2199,ost,einfamilienhaus,102.6,1971,1991.0,1,1,zweifach,waermepumpe,20.0,3863,0.229,0,3.03,0.0,0,12327,120.19,C
2200,ost,einfamilienhaus,98.2,1961,,2,1,dreifach,waermepumpe,23.5,2720,0.13,0,3.66,0.0,0,9596,97.68,B
2201,west,einfamilienhaus,177.8,2013,2025.0,2,3,zweifach,pellet,19.3,2947,0.115,0,0.88,0.0,1,13353,75.08,B
2202,west,einfamilienhaus,105.7,2000,2013.0,3,2,zweifach,gas,20.6,2436,0.258,1,0.95,10.3,1,8433,79.75,B
2203,west,buero,168.7,1979,2014.0,2,2,dreifach,gas,22.0,2804,0.222,0,0.9,13.74,1,8720,51.71,B
2204,nord,einfamilienhaus,124.3,1979,,3,2,zweifach,fernwaerme,21.3,3002,0.231,0,0.99,0.0,0,14546,116.98,C
2205,sued,buero,166.0,1955,,2,1,dreifach,oel,21.5,2715,0.205,0,0.89,0.0,0,12675,76.35,B
2206,west,einfamilienhaus,133.9,1971,2008.0,3,2,dreifach,gas,21.4,3205,0.246,0,0.92,0.0,1,14185,105.92,C
2207,nord,schule,168.1,2019,,3,3,zweifach,waermepumpe,20.9,3539,0.224,0,2.81,0.0,0,17331,103.1,C
2208,nord,einfamilienhaus,320.2,1952,1966.0,6,1,zweifach,gas,19.5,2998,0.163,0,0.86,8.15,0,34118,106.55,C
2209,nord,schule,241.0,1960,1981.0,4,2,zweifach,fernwaerme,21.4,3074,0.127,0,0.93,,0,27091,112.4,C
2210,sued,einfamilienhaus,159.7,2013,2020.0,1,3,zweifach,fernwaerme,20.0,3329,0.116,0,0.88,0.0,1,13465,84.31,B
2211,ost,buero,296.2,1989,1990.0,6,2,zweifach,fernwaerme,19.9,3697,0.173,0,1.01,0.0,0,30703,103.67,C
2212,nord,buero,204.0,1952,1968.0,3,1,dreifach,gas,22.3,3790,0.125,0,0.91,0.0,1,20504,100.53,C
2213,sued,mehrfamilienhaus,286.6,1986,,6,2,zweifach,gas,20.0,2374,0.14,0,0.89,0.0,0,23432,81.76,B
2214,west,einfamilienhaus,86.3,2006,,2,3,alt,waermepumpe,,3516,0.172,0,3.28,0.0,1,8209,95.15,B
2215,west,mehrfamilienhaus,106.3,1975,1990.0,1,3,dreifach,pellet,20.8,3749,0.25,0,0.88,0.0,1,9430,88.73,B
2216,west,mehrfamilienhaus,186.6,1978,2017.0,2,2,zweifach,fernwaerme,20.3,2506,0.104,0,0.98,0.0,1,13505,72.37,B
2217,west,mehrfamilienhaus,157.9,1997,2025.0,3,3,dreifach,gas,18.3,3479,0.181,0,0.85,0.0,0,9196,58.23,B
2218,sued,mehrfamilienhaus,168.3,1994,2012.0,2,1,zweifach,fernwaerme,23.0,3029,0.117,0,0.95,8.93,0,14821,88.07,B
2219,west,halle,219.2,2017,2018.0,5,3,zweifach,gas,18.5,2986,0.152,0,0.86,6.26,0,14840,67.71,B
2220,ost,halle,187.5,1968,,3,2,alt,gas,15.8,3137,0.226,0,0.9,1.33,0,26145,139.47,C
2221,west,mehrfamilienhaus,251.8,1970,,5,1,zweifach,gas,21.7,3255,0.138,0,0.83,7.03,0,24858,98.74,B
2222,west,einfamilienhaus,248.6,1961,1997.0,5,2,zweifach,gas,20.4,3505,0.167,0,0.82,7.74,1,29887,120.24,C
2223,sued,einfamilienhaus,108.5,1999,,2,3,alt,gas,19.4,3337,0.187,0,0.91,11.35,0,13075,120.52,C
2224,ost,mehrfamilienhaus,60.1,1990,2015.0,1,2,alt,gas,21.6,2573,0.215,0,0.75,0.0,1,4973,82.71,B
2225,ost,halle,105.4,1976,,2,1,dreifach,waermepumpe,15.4,2873,0.153,1,2.51,3.8,1,8572,81.32,B
2226,ost,einfamilienhaus,102.4,2002,2011.0,3,2,dreifach,fernwaerme,19.6,3133,0.243,1,0.89,10.78,1,6198,60.5,B
2227,nord,einfamilienhaus,174.1,1978,,3,3,dreifach,oel,20.1,3900,0.158,1,0.83,2.34,1,18446,105.98,C
2228,nord,einfamilienhaus,173.0,1964,1988.0,4,2,dreifach,gas,21.5,2395,0.204,0,0.84,6.58,0,11523,66.59,B
2229,ost,einfamilienhaus,153.6,1990,,3,2,dreifach,waermepumpe,23.2,2886,0.171,0,3.53,0.0,0,9157,59.61,B
2230,nord,halle,207.6,1982,1998.0,4,2,alt,gas,18.2,2815,0.217,1,0.97,0.0,0,29466,141.96,C
2231,west,mehrfamilienhaus,475.8,1980,2008.0,8,2,dreifach,gas,21.1,2621,0.281,0,0.88,0.0,1,39469,82.96,B
2232,sued,einfamilienhaus,152.1,1983,1999.0,4,2,zweifach,fernwaerme,23.8,3295,0.166,1,0.96,0.0,0,13288,87.35,B
2233,west,einfamilienhaus,190.2,2018,,3,3,zweifach,waermepumpe,20.5,2914,0.179,0,2.87,0.0,0,9989,52.53,B
2234,ost,einfamilienhaus,168.3,1966,2005.0,3,2,zweifach,waermepumpe,21.1,2283,0.158,0,3.17,0.0,1,10587,62.92,B
2235,nord,mehrfamilienhaus,128.6,1970,1983.0,1,1,zweifach,oel,19.0,3295,0.151,0,0.92,7.17,0,11834,92.03,B
2236,ost,mehrfamilienhaus,220.1,1992,,3,1,zweifach,gas,22.9,3813,0.145,0,0.88,4.37,1,20885,94.88,B
2237,west,einfamilienhaus,148.7,1953,1955.0,3,1,zweifach,gas,19.6,2468,0.179,0,0.81,0.0,1,12874,86.55,B
2238,nord,einfamilienhaus,116.6,1960,1978.0,3,1,alt,fernwaerme,20.8,3537,0.141,1,0.94,0.0,0,17826,152.92,C
2239,sued,schule,120.5,1992,2025.0,3,2,zweifach,gas,21.2,3499,0.143,0,0.86,0.0,1,13288,110.3,C
2240,nord,buero,256.0,1988,1994.0,3,2,zweifach,gas,20.6,3333,0.05,0,0.88,12.68,0,32190,125.76,C
2241,ost,mehrfamilienhaus,217.6,1998,2007.0,5,2,alt,gas,20.0,3775,0.249,0,0.88,0.0,0,24488,112.53,C
2242,nord,mehrfamilienhaus,135.0,1958,1965.0,2,2,zweifach,pellet,20.8,3119,0.262,0,0.84,0.0,1,13648,101.09,C
2243,sued,halle,206.0,2014,,2,1,dreifach,gas,20.6,3456,0.212,1,0.88,0.0,0,24566,119.25,C
2244,nord,mehrfamilienhaus,169.2,1986,2010.0,4,3,dreifach,gas,23.2,3773,0.136,0,0.81,0.0,1,10924,64.58,B
2245,west,halle,191.7,1961,1972.0,5,1,dreifach,pellet,18.3,3089,0.117,0,0.91,6.15,1,19881,103.72,C
2246,nord,einfamilienhaus,127.1,1973,,2,2,zweifach,waermepumpe,20.0,2829,0.102,0,2.69,0.0,1,9117,71.74,B
2247,ost,einfamilienhaus,103.8,1967,,3,1,zweifach,fernwaerme,19.5,2749,0.212,0,0.95,8.88,0,10005,96.34,B
2248,nord,einfamilienhaus,148.4,1983,2008.0,3,2,dreifach,waermepumpe,23.7,2530,0.243,0,3.01,2.34,0,9880,66.59,B
2249,west,buero,111.7,1985,,4,2,zweifach,gas,20.7,3308,0.188,0,0.86,0.0,0,10858,97.2,B
2250,sued,mehrfamilienhaus,108.1,1982,,3,2,zweifach,waermepumpe,21.8,3116,0.223,1,3.22,0.0,0,8958,82.87,B
2251,sued,einfamilienhaus,88.4,1984,,1,1,zweifach,gas,21.3,2978,0.202,0,0.89,7.39,0,9875,111.7,C
2252,sued,halle,60.3,2018,,3,3,dreifach,pellet,21.2,2907,0.141,0,0.94,0.0,0,5663,93.92,B
2253,west,halle,136.1,2021,2025.0,4,3,dreifach,gas,18.2,3575,0.23,0,0.83,0.0,1,9981,73.35,B
2254,nord,einfamilienhaus,278.3,1986,2004.0,4,2,dreifach,fernwaerme,19.2,3454,0.227,0,0.91,7.81,0,24861,89.33,B
2255,west,mehrfamilienhaus,246.3,2022,2025.0,3,4,dreifach,fernwaerme,22.7,2906,0.13,0,0.8,3.9,0,13011,52.82,B
2256,west,mehrfamilienhaus,343.1,2011,2025.0,6,3,zweifach,gas,21.6,3152,0.22,0,0.88,0.0,1,20807,60.65,B
2257,nord,einfamilienhaus,106.1,2011,2025.0,1,2,alt,gas,21.0,4067,0.173,0,0.89,8.69,0,10795,101.78,C
2258,nord,mehrfamilienhaus,226.7,1966,1996.0,4,2,alt,waermepumpe,22.3,3568,0.167,0,,0.0,0,21479,94.75,B
2259,sued,einfamilienhaus,159.4,1982,1982.0,4,2,zweifach,gas,21.1,2814,0.2,0,0.87,6.55,0,13878,87.08,B
2260,nord,schule,120.6,1976,2001.0,1,2,dreifach,pellet,22.8,3334,0.198,1,0.8,,0,10032,83.21,B
2261,ost,buero,263.4,1957,1993.0,3,1,zweifach,gas,20.8,3262,0.224,0,0.83,0.0,0,27614,104.82,C
2262,ost,schule,160.1,1955,1989.0,3,1,alt,fernwaerme,22.0,2953,0.138,0,0.93,2.64,0,23883,149.18,C
2263,nord,buero,73.7,1996,2008.0,1,1,zweifach,fernwaerme,21.1,3172,0.208,0,1.02,0.0,0,6546,88.84,B
2264,sued,einfamilienhaus,245.1,1981,,4,2,zweifach,oel,20.1,2946,,1,0.83,0.0,0,28514,116.34,C
2265,sued,einfamilienhaus,199.5,2011,2025.0,2,2,alt,fernwaerme,20.3,3482,0.171,0,0.91,0.0,0,23421,117.37,C
2266,sued,mehrfamilienhaus,178.6,2000,2014.0,3,3,dreifach,waermepumpe,20.0,3227,0.174,0,3.57,0.0,1,6250,35.0,A
2267,sued,einfamilienhaus,97.0,1956,1990.0,2,2,zweifach,fernwaerme,20.8,2807,0.229,0,0.95,0.0,1,10365,106.86,C
2268,ost,mehrfamilienhaus,188.2,2012,2025.0,4,3,dreifach,fernwaerme,20.0,3404,0.18,0,0.89,2.29,0,12914,68.64,B
2269,sued,einfamilienhaus,320.6,1987,2017.0,4,2,dreifach,fernwaerme,21.0,2953,0.167,0,0.95,0.0,1,23913,74.59,B
2270,west,einfamilienhaus,197.0,1992,,2,1,zweifach,oel,21.0,3221,0.251,1,0.86,12.72,1,25719,130.54,C
2271,ost,mehrfamilienhaus,83.0,2022,2025.0,1,2,dreifach,gas,20.7,3189,0.159,1,0.94,4.27,1,5079,61.18,B
2272,sued,mehrfamilienhaus,203.9,1998,2025.0,4,3,dreifach,gas,20.8,2211,0.156,1,0.87,4.21,0,11506,56.43,B
2273,west,mehrfamilienhaus,198.0,1951,1985.0,4,1,dreifach,fernwaerme,19.8,2033,0.086,1,0.83,0.0,0,7806,39.43,A
2274,sued,mehrfamilienhaus,235.3,1963,1979.0,3,1,alt,pellet,20.2,3029,0.169,0,0.89,0.0,0,28797,122.41,C
2275,nord,einfamilienhaus,195.4,1981,2003.0,4,2,dreifach,gas,18.5,3051,0.133,1,0.8,0.0,0,18102,92.62,B
2276,nord,buero,108.3,1952,1977.0,4,2,dreifach,fernwaerme,20.4,2776,0.167,1,0.93,,1,8152,75.3,B
2277,sued,mehrfamilienhaus,174.2,1962,,3,2,dreifach,gas,19.3,2662,0.192,0,0.86,0.0,1,10437,59.92,B
2278,sued,mehrfamilienhaus,149.5,2009,2024.0,1,3,zweifach,fernwaerme,20.6,3274,0.126,1,0.93,,0,9661,64.61,B
2279,west,einfamilienhaus,183.7,1960,1972.0,3,2,zweifach,waermepumpe,19.6,3225,0.139,1,2.91,6.45,1,14821,80.67,B
2280,sued,mehrfamilienhaus,267.9,1962,1991.0,7,1,alt,waermepumpe,18.0,3220,0.1,0,3.24,0.0,1,25814,96.34,B
2281,nord,einfamilienhaus,124.2,1987,,1,1,dreifach,waermepumpe,23.2,3509,0.155,0,3.22,0.0,1,10653,85.79,B
2282,west,mehrfamilienhaus,368.0,1956,,6,1,zweifach,waermepumpe,20.2,2778,0.133,0,3.67,11.72,1,34934,94.93,B
2283,sued,einfamilienhaus,203.3,1969,,3,2,zweifach,gas,22.2,3222,0.287,0,0.88,5.47,0,16819,82.74,B
2284,west,buero,245.7,2020,2025.0,4,3,zweifach,fernwaerme,19.9,3305,0.255,0,0.9,0.0,0,20311,82.65,B
2285,west,buero,230.6,1997,2025.0,4,2,zweifach,gas,22.5,3059,0.247,0,0.9,0.0,1,18284,79.31,B
2286,ost,mehrfamilienhaus,199.6,2022,2025.0,5,2,zweifach,pellet,19.1,3121,0.115,0,0.87,0.0,0,15118,75.76,B
2287,sued,buero,216.5,1976,,4,1,dreifach,waermepumpe,20.7,3227,0.171,0,3.16,0.0,1,17011,78.57,B
2288,sued,mehrfamilienhaus,40.9,1996,,2,3,zweifach,gas,19.2,2688,0.12,0,0.9,0.0,1,2968,72.6,B
2289,ost,einfamilienhaus,230.4,1967,2004.0,4,3,dreifach,gas,23.6,3481,0.272,0,0.88,0.0,1,19054,82.72,B
2290,sued,mehrfamilienhaus,112.0,1978,,1,2,alt,oel,20.2,3148,0.222,0,0.7,0.0,0,11133,99.41,B
2291,nord,halle,164.4,1963,,2,1,alt,pellet,19.5,3351,0.127,1,0.95,0.0,1,26864,163.36,C
2292,nord,einfamilienhaus,198.9,2012,,1,2,alt,gas,21.0,3886,0.198,0,0.89,2.29,0,27085,136.16,C
2293,sued,einfamilienhaus,273.6,1963,1979.0,5,2,zweifach,fernwaerme,20.5,2497,0.106,1,0.96,0.0,1,25599,93.57,B
2294,ost,mehrfamilienhaus,112.0,1965,2001.0,4,2,dreifach,gas,21.1,2939,0.173,0,0.86,0.0,0,9938,88.73,B
2295,west,einfamilienhaus,137.6,1984,,3,1,dreifach,fernwaerme,22.1,2861,0.171,0,0.87,7.51,1,7698,55.94,B
2296,sued,mehrfamilienhaus,146.1,1982,,3,2,zweifach,fernwaerme,21.3,3075,0.217,0,0.94,0.0,1,13384,91.64,B
2297,west,mehrfamilienhaus,184.7,1973,1981.0,3,2,alt,gas,20.7,3514,0.229,1,0.84,0.0,0,20999,113.67,C
2298,sued,buero,150.1,1976,2009.0,2,2,dreifach,waermepumpe,21.1,2606,0.181,0,2.76,0.0,0,10077,67.12,B
2299,west,einfamilienhaus,217.0,1972,1993.0,5,3,dreifach,gas,22.8,4200,0.169,1,0.86,6.53,0,17736,81.74,B
2300,ost,einfamilienhaus,74.9,2018,,4,4,zweifach,waermepumpe,20.0,2868,0.05,0,3.11,0.0,1,5466,73.01,B
2301,west,buero,158.6,1993,,4,2,zweifach,gas,18.3,3226,0.258,0,0.87,0.0,1,14420,90.94,B
2302,ost,einfamilienhaus,335.6,2018,2025.0,7,3,alt,fernwaerme,19.2,3101,0.147,1,0.94,0.0,1,34495,102.79,C
2303,west,mehrfamilienhaus,150.3,2024,2025.0,3,3,zweifach,gas,19.3,3116,0.185,0,0.88,1.49,0,11199,74.5,B
2304,sued,einfamilienhaus,203.6,1998,2003.0,4,2,zweifach,fernwaerme,19.4,2673,0.293,0,0.99,0.0,0,18096,88.86,B
2305,nord,einfamilienhaus,254.0,2011,2025.0,3,3,dreifach,gas,19.5,3724,0.12,0,0.85,0.0,0,16991,66.9,B
2306,sued,einfamilienhaus,200.6,1958,1986.0,2,2,dreifach,fernwaerme,20.5,2651,0.181,1,0.87,8.5,0,12739,63.5,B
2307,ost,einfamilienhaus,383.8,2021,2025.0,5,3,zweifach,gas,20.8,2481,0.205,0,0.75,4.63,1,30986,80.73,B
2308,ost,mehrfamilienhaus,176.1,1986,,3,1,zweifach,gas,20.8,2707,0.235,0,1.0,7.32,0,18356,104.26,C
2309,ost,mehrfamilienhaus,222.0,2003,,3,2,dreifach,waermepumpe,,3606,0.18,0,3.79,2.75,0,20558,92.62,B
2310,nord,buero,188.2,1968,1999.0,1,1,alt,oel,21.7,3788,0.239,0,0.79,0.0,1,29371,156.04,C
2311,west,buero,303.6,1957,1961.0,5,1,zweifach,fernwaerme,21.1,2397,0.159,0,0.87,0.0,0,27245,89.73,B
2312,sued,einfamilienhaus,140.6,2016,2025.0,2,3,dreifach,fernwaerme,22.4,3235,0.207,0,0.72,0.0,1,9824,69.86,B
2313,nord,einfamilienhaus,398.8,1983,2015.0,5,2,zweifach,oel,21.5,2656,0.201,0,0.86,0.0,0,45514,114.13,C
2314,west,buero,125.5,1960,1979.0,2,2,dreifach,waermepumpe,20.1,3090,0.175,0,3.01,0.0,0,9083,72.35,B
2315,sued,einfamilienhaus,350.9,1999,2014.0,5,2,dreifach,oel,22.1,2527,0.196,1,0.8,2.94,0,27415,78.13,B
2316,sued,einfamilienhaus,106.3,1954,,1,1,alt,pellet,20.8,3262,0.136,0,0.89,0.0,0,13473,126.69,C
2317,sued,einfamilienhaus,225.2,1983,2003.0,5,3,dreifach,waermepumpe,21.5,3144,0.165,0,2.69,4.99,1,13517,60.01,B
2318,nord,mehrfamilienhaus,169.2,2002,2025.0,1,2,zweifach,oel,21.4,3693,0.116,0,0.82,0.0,1,16814,99.39,B
2319,nord,einfamilienhaus,251.6,2004,2025.0,2,2,zweifach,gas,20.4,3247,0.158,0,0.82,8.76,0,20670,82.17,B
2320,west,einfamilienhaus,205.9,1983,2011.0,3,2,dreifach,waermepumpe,,3033,0.237,0,3.27,0.0,1,12224,59.36,B
2321,west,mehrfamilienhaus,245.3,1977,2008.0,4,2,zweifach,waermepumpe,20.3,2575,0.201,0,3.71,0.0,0,15181,61.89,B
2322,west,buero,104.7,2012,,2,3,dreifach,gas,19.5,2739,0.195,0,0.88,0.0,1,6274,59.91,B
2323,nord,einfamilienhaus,80.3,1963,,1,2,zweifach,gas,17.9,3682,0.1,0,0.97,0.0,0,9975,124.19,C
2324,west,mehrfamilienhaus,97.5,1955,1985.0,1,1,zweifach,gas,19.7,3229,0.196,1,0.91,0.0,1,10687,109.65,C
2325,ost,einfamilienhaus,96.4,1961,,2,1,dreifach,waermepumpe,20.7,3137,0.177,0,2.96,0.0,1,7933,82.28,B
2326,sued,einfamilienhaus,104.2,2010,2025.0,1,4,dreifach,waermepumpe,21.8,3392,0.207,0,3.42,4.98,1,5273,50.61,B
2327,ost,einfamilienhaus,129.3,1985,,4,2,alt,gas,21.5,2645,0.249,0,0.86,0.0,0,14228,110.03,C
2328,west,einfamilienhaus,128.8,1952,1989.0,2,1,zweifach,fernwaerme,20.2,3352,0.16,0,0.9,8.02,0,7781,60.41,B
2329,west,einfamilienhaus,171.0,1962,1991.0,3,2,zweifach,waermepumpe,19.7,2687,0.164,0,3.64,0.0,0,11397,66.66,B
2330,ost,buero,115.5,1952,1975.0,5,1,zweifach,pellet,,3617,0.226,0,0.92,0.0,1,14649,126.81,C
2331,west,einfamilienhaus,119.6,2011,2025.0,2,3,zweifach,gas,19.3,3291,0.15,0,0.87,0.0,1,8897,74.39,B
2332,sued,halle,154.4,1984,,3,3,dreifach,gas,16.0,3288,0.184,0,0.85,9.52,1,14998,97.14,B
2333,ost,einfamilienhaus,267.6,1955,1986.0,5,1,zweifach,gas,18.6,2854,0.08,0,0.77,0.0,0,33632,125.68,C
2334,ost,einfamilienhaus,139.5,1966,1976.0,3,2,zweifach,fernwaerme,22.1,3864,0.165,1,0.93,5.12,0,14468,103.68,C
2335,sued,mehrfamilienhaus,165.9,1996,2025.0,3,3,alt,gas,22.7,3649,0.245,0,0.88,0.0,0,13886,83.7,B
2336,ost,buero,178.2,1994,,3,4,zweifach,gas,21.4,3251,0.197,1,0.9,0.0,1,13227,74.22,B
2337,nord,einfamilienhaus,109.4,2011,,2,2,zweifach,waermepumpe,20.4,3761,0.225,0,3.64,5.25,0,9821,89.75,B
2338,west,einfamilienhaus,145.7,1951,1980.0,2,2,alt,fernwaerme,18.8,2994,0.228,0,0.91,9.37,1,16568,113.74,C
2339,sued,mehrfamilienhaus,123.8,1955,1983.0,2,1,dreifach,gas,20.3,2506,0.247,0,0.8,0.0,0,5524,44.62,A
2340,west,einfamilienhaus,255.8,1952,1965.0,7,1,zweifach,oel,21.2,3379,0.163,0,0.89,5.2,1,32571,127.31,C
2341,sued,mehrfamilienhaus,246.1,1979,2004.0,6,2,alt,gas,21.5,2628,0.227,0,0.88,0.0,0,21007,85.35,B
2342,sued,buero,118.3,2004,2025.0,2,2,dreifach,gas,21.3,3409,0.292,1,0.94,0.0,1,5453,46.09,A
2343,west,einfamilienhaus,164.5,1999,2025.0,4,2,zweifach,oel,22.0,3467,0.179,0,0.8,0.0,1,16685,101.45,C
2344,nord,buero,222.0,1965,2003.0,3,2,zweifach,gas,22.8,3432,0.114,0,0.87,0.0,0,18142,81.71,B
2345,ost,einfamilienhaus,195.7,1999,2025.0,3,3,alt,gas,20.0,3163,0.15,0,0.87,0.0,0,18150,92.74,B
2346,sued,schule,205.3,1999,2016.0,5,2,zweifach,waermepumpe,24.3,3296,0.203,0,3.41,0.0,1,15167,73.86,B
2347,west,halle,109.7,1964,1973.0,4,1,dreifach,waermepumpe,16.1,3196,0.097,1,3.44,0.0,1,11314,103.11,C
2348,ost,mehrfamilienhaus,344.8,2006,2009.0,5,2,zweifach,gas,19.6,2958,0.142,1,0.88,0.0,0,28771,83.45,B
2349,west,halle,128.2,1981,,2,2,zweifach,fernwaerme,18.7,2570,0.164,1,0.96,10.55,1,8358,65.2,B
2350,west,buero,126.6,1954,,5,1,alt,gas,21.2,3436,0.185,0,0.88,0.0,0,18060,142.67,C
2351,sued,einfamilienhaus,92.5,1979,2006.0,2,2,alt,waermepumpe,,3078,0.27,0,2.48,0.0,0,11272,121.91,C
2352,ost,einfamilienhaus,157.4,2007,2007.0,5,3,zweifach,waermepumpe,19.9,4064,0.214,0,3.39,0.0,1,15862,100.75,C
2353,nord,einfamilienhaus,280.8,2002,,5,1,zweifach,fernwaerme,23.1,3316,0.124,0,0.89,0.0,1,34154,121.62,C
2354,sued,einfamilienhaus,194.8,1970,2001.0,4,1,dreifach,fernwaerme,19.8,3056,0.35,1,0.82,0.0,0,17853,91.64,B
2355,nord,mehrfamilienhaus,163.0,2006,2025.0,2,2,dreifach,gas,19.3,3464,0.179,0,0.94,6.16,0,10497,64.39,B
2356,ost,mehrfamilienhaus,237.9,1979,2000.0,5,2,zweifach,gas,22.5,3328,0.096,0,0.94,0.0,0,20934,88.0,B
2357,nord,mehrfamilienhaus,277.6,1984,1984.0,6,3,zweifach,fernwaerme,21.5,3012,0.128,0,0.92,0.0,1,21735,78.31,B
2358,west,einfamilienhaus,245.9,1956,,3,2,alt,gas,21.8,3073,0.128,0,0.87,0.0,1,25729,104.64,C
2359,ost,einfamilienhaus,71.1,2024,2025.0,1,3,zweifach,waermepumpe,20.7,3390,0.113,0,3.53,0.0,1,5032,70.82,B
2360,sued,einfamilienhaus,238.8,2012,,5,3,zweifach,oel,18.8,2834,0.206,0,0.91,0.0,0,21066,88.21,B
2361,ost,halle,209.1,1964,1986.0,3,1,zweifach,gas,18.6,3377,0.05,0,0.95,0.0,0,24408,116.75,C
2362,nord,einfamilienhaus,117.2,1992,,1,2,zweifach,fernwaerme,18.7,3384,0.229,0,0.85,5.02,1,10598,90.45,B
2363,ost,einfamilienhaus,209.4,2008,2025.0,5,2,dreifach,waermepumpe,20.8,3241,0.221,1,3.06,5.51,0,16876,80.58,B
2364,west,einfamilienhaus,281.1,1987,1999.0,6,2,zweifach,fernwaerme,21.3,3503,0.157,0,0.87,0.0,0,31347,111.52,C
2365,sued,halle,130.7,1965,1989.0,2,3,dreifach,fernwaerme,19.8,2870,0.226,0,0.93,0.0,0,4574,35.0,A
2366,ost,einfamilienhaus,254.0,2022,2025.0,4,3,zweifach,waermepumpe,20.4,2592,0.125,0,3.06,5.79,1,12417,48.89,A
2367,west,mehrfamilienhaus,196.8,1970,1989.0,2,1,zweifach,gas,21.4,3007,0.138,0,0.91,0.0,1,20958,106.51,C
2368,nord,einfamilienhaus,46.3,1975,1991.0,1,2,alt,fernwaerme,19.4,3061,0.207,0,0.93,10.27,1,3924,84.7,B
2369,west,einfamilienhaus,168.5,1977,,3,1,dreifach,oel,21.7,2356,0.17,0,0.92,2.92,0,15096,89.61,B
2370,nord,mehrfamilienhaus,193.2,2016,2025.0,3,2,zweifach,gas,21.3,3313,0.149,1,0.85,0.0,1,15293,79.15,B
2371,west,mehrfamilienhaus,148.3,1987,2012.0,1,3,zweifach,pellet,19.5,3170,0.174,0,0.89,10.03,0,9808,66.15,B
2372,west,mehrfamilienhaus,200.1,2003,,2,3,dreifach,oel,21.1,3457,0.246,0,0.84,2.96,0,14952,74.71,B
2373,west,einfamilienhaus,160.4,2017,2025.0,1,3,dreifach,gas,21.8,2701,0.244,0,0.97,10.3,1,6834,42.62,A
2374,nord,halle,438.0,2019,,8,2,dreifach,gas,18.6,3381,0.201,0,0.84,0.0,1,52277,119.36,C
2375,sued,mehrfamilienhaus,143.6,2014,2015.0,1,2,dreifach,pellet,19.5,3345,0.162,0,0.9,0.0,0,12497,87.02,B
2376,west,halle,118.7,2018,,1,4,zweifach,waermepumpe,18.7,2899,0.206,0,3.42,5.85,1,7655,64.52,B
2377,sued,einfamilienhaus,248.0,2021,2025.0,2,3,alt,gas,21.2,3138,,1,0.76,0.0,1,23579,95.06,B
2378,ost,einfamilienhaus,151.9,2024,,3,1,zweifach,fernwaerme,19.5,3659,0.238,0,0.84,11.33,1,15765,103.78,C
2379,sued,einfamilienhaus,164.3,1998,2006.0,1,4,zweifach,gas,19.3,2298,0.228,0,0.84,0.0,1,11577,70.47,B
2380,nord,buero,158.0,1959,,3,1,dreifach,waermepumpe,21.1,3445,0.277,0,3.28,9.49,1,10615,67.19,B
2381,sued,mehrfamilienhaus,241.7,1958,1984.0,6,1,zweifach,fernwaerme,21.5,3357,0.14,0,0.96,0.0,1,26772,110.75,C
2382,nord,mehrfamilienhaus,103.8,2009,,4,3,zweifach,gas,23.1,3227,0.134,1,0.9,0.0,0,9178,88.39,B
2383,sued,einfamilienhaus,253.7,1973,1987.0,2,2,zweifach,fernwaerme,21.3,3435,0.208,1,0.93,0.0,0,28922,113.98,C
2384,ost,einfamilienhaus,216.9,2010,2014.0,4,3,dreifach,waermepumpe,19.0,3322,0.166,1,2.44,5.88,1,15776,72.73,B
2385,nord,einfamilienhaus,368.6,2020,2025.0,5,2,dreifach,gas,22.9,3969,0.23,0,0.94,0.0,1,38582,104.69,C
2386,nord,buero,186.4,1998,2024.0,2,1,dreifach,gas,21.8,3554,0.246,1,0.85,7.88,1,12571,67.44,B
2387,west,einfamilienhaus,107.2,2007,2011.0,2,3,zweifach,pellet,18.1,3748,0.265,0,0.85,0.0,1,9144,85.32,B
2388,sued,einfamilienhaus,187.3,1970,1980.0,5,2,zweifach,gas,19.3,3055,0.183,1,0.88,0.0,1,16907,90.25,B
2389,sued,einfamilienhaus,198.0,1982,,4,1,alt,oel,19.9,2471,0.224,0,0.92,0.0,1,21869,110.45,C
2390,west,einfamilienhaus,292.5,2022,2025.0,4,2,dreifach,fernwaerme,21.5,2879,0.154,0,0.94,0.0,0,26103,89.24,B
2391,sued,halle,107.1,2011,2017.0,3,3,dreifach,gas,15.6,3306,0.191,0,0.88,0.0,0,7869,73.51,B
2392,ost,einfamilienhaus,83.1,1965,1972.0,1,1,zweifach,gas,20.4,3450,0.177,0,0.89,0.0,1,8857,106.65,C
2393,sued,schule,189.1,2020,,2,3,zweifach,gas,21.8,2841,0.175,0,0.87,9.02,0,14819,78.35,B
2394,ost,mehrfamilienhaus,376.3,1987,2016.0,5,2,zweifach,gas,17.1,3732,0.271,0,0.89,0.0,1,34382,91.38,B
2395,sued,mehrfamilienhaus,231.5,2013,2025.0,4,3,dreifach,fernwaerme,21.4,2826,0.113,0,0.88,0.0,1,18717,80.83,B
2396,nord,einfamilienhaus,237.8,1989,2025.0,4,1,alt,waermepumpe,21.5,3512,0.18,1,3.76,0.0,1,25139,105.73,C
2397,west,mehrfamilienhaus,91.4,1995,,1,2,alt,gas,19.5,3252,0.183,1,0.91,0.0,1,10379,113.53,C
2398,sued,mehrfamilienhaus,175.0,1962,1970.0,3,1,zweifach,waermepumpe,19.1,2484,0.212,0,3.31,0.0,1,10978,62.72,B
2399,nord,einfamilienhaus,295.1,1975,1983.0,5,2,zweifach,oel,19.5,3311,,1,0.89,0.0,1,29989,101.62,C
2400,sued,schule,199.1,2004,,4,3,dreifach,gas,17.7,3783,0.165,0,0.81,0.0,1,17315,86.97,B
2401,nord,einfamilienhaus,80.7,2013,2025.0,2,4,zweifach,fernwaerme,20.1,3027,0.15,0,0.89,0.0,0,4533,56.2,B
2402,ost,einfamilienhaus,173.5,1956,1969.0,3,2,dreifach,gas,20.8,3319,0.067,1,0.85,0.0,1,14319,82.55,B
2403,west,einfamilienhaus,224.1,1955,1981.0,4,2,dreifach,fernwaerme,,2696,0.238,0,0.91,7.91,0,12481,55.69,B
2404,west,mehrfamilienhaus,40.4,2001,,2,2,zweifach,gas,21.7,2774,0.107,1,0.9,11.23,1,2043,50.62,B
2405,sued,einfamilienhaus,164.9,1983,1987.0,2,1,zweifach,waermepumpe,20.6,2455,0.1,0,2.13,0.0,0,12289,74.51,B
2406,sued,einfamilienhaus,113.0,2013,,2,3,zweifach,waermepumpe,20.8,3279,0.227,1,3.54,1.49,0,6198,54.87,B
2407,ost,einfamilienhaus,251.6,1955,1959.0,6,1,dreifach,gas,20.0,2795,0.163,1,0.91,0.0,0,24332,96.72,B
2408,nord,einfamilienhaus,141.0,1976,1983.0,1,2,zweifach,pellet,21.4,3794,0.165,0,0.92,0.0,1,16634,117.95,C
2409,sued,einfamilienhaus,207.8,1952,1980.0,6,1,zweifach,gas,22.0,2764,0.166,0,0.87,0.0,1,25477,122.61,C
2410,sued,buero,171.4,2003,,1,2,zweifach,gas,20.0,2995,0.234,0,0.92,0.0,0,10695,62.41,B
2411,nord,einfamilienhaus,138.6,2014,2022.0,2,3,dreifach,gas,21.4,3494,0.152,0,0.71,0.0,0,8848,63.83,B
2412,nord,halle,396.7,1961,,5,2,alt,waermepumpe,19.4,2784,0.21,1,3.42,0.0,1,35408,89.26,B
2413,nord,mehrfamilienhaus,131.7,1974,1997.0,5,2,alt,waermepumpe,21.0,3421,0.123,0,3.16,0.0,0,11534,87.61,B
2414,ost,buero,177.9,2013,2025.0,2,3,alt,pellet,22.5,3222,0.197,0,0.81,8.51,1,17249,96.93,B
2415,nord,schule,171.1,1953,1961.0,2,1,zweifach,waermepumpe,20.0,3749,0.225,0,3.42,5.96,1,16701,97.61,B
2416,ost,einfamilienhaus,187.0,2021,2025.0,3,2,zweifach,oel,20.0,2764,0.25,0,0.85,0.0,1,16295,87.16,B
2417,sued,mehrfamilienhaus,382.4,2016,,6,2,dreifach,waermepumpe,19.6,2664,0.103,0,2.8,0.0,0,19063,49.85,A
2418,ost,einfamilienhaus,224.2,1961,,3,1,dreifach,pellet,21.4,3331,0.165,0,0.92,9.69,1,25139,112.11,C
2419,nord,einfamilienhaus,138.0,1960,1991.0,2,2,dreifach,waermepumpe,20.2,3844,0.26,1,4.19,0.0,1,7564,54.8,B
2420,sued,einfamilienhaus,325.6,2001,2011.0,1,1,zweifach,fernwaerme,19.7,2743,0.226,0,0.89,2.9,0,27887,85.66,B
2421,west,mehrfamilienhaus,242.2,1950,,4,1,alt,waermepumpe,22.5,2668,0.17,0,3.42,5.25,1,17792,73.45,B
2422,ost,buero,139.2,1987,2023.0,2,2,zweifach,gas,22.7,2989,0.18,0,1.01,0.0,0,8320,59.75,B
2423,ost,einfamilienhaus,302.0,1954,1967.0,6,1,dreifach,waermepumpe,20.1,2745,0.195,0,3.48,0.0,1,27307,90.42,B
2424,sued,mehrfamilienhaus,91.0,1989,1994.0,3,2,alt,pellet,18.9,3089,0.161,1,0.92,0.0,0,7521,82.67,B
2425,nord,einfamilienhaus,102.0,1976,1987.0,1,1,dreifach,waermepumpe,,2972,0.207,0,3.28,0.0,0,6880,67.48,B
2426,ost,einfamilienhaus,78.4,2002,,2,2,dreifach,gas,21.1,3441,0.205,0,0.96,0.0,0,7119,90.84,B
2427,ost,einfamilienhaus,64.4,2016,,1,3,dreifach,gas,21.0,3174,0.124,0,0.92,3.91,1,3806,59.11,B
2428,ost,mehrfamilienhaus,291.9,1986,1998.0,6,2,dreifach,pellet,20.6,3451,0.156,0,0.92,0.0,1,18035,61.79,B
2429,west,mehrfamilienhaus,188.0,1998,2000.0,2,2,dreifach,waermepumpe,19.5,2252,0.157,0,3.03,0.0,0,9047,48.11,A
2430,west,einfamilienhaus,81.5,1995,2002.0,1,2,zweifach,waermepumpe,20.0,2485,0.167,0,2.89,0.0,0,5001,61.37,B
2431,ost,einfamilienhaus,169.1,2023,2025.0,3,3,zweifach,pellet,21.3,3552,0.193,0,0.92,0.0,1,15899,94.04,B
2432,ost,mehrfamilienhaus,257.7,1967,,6,1,dreifach,fernwaerme,20.0,2848,0.189,0,0.91,0.0,0,22355,86.76,B
2433,west,buero,121.2,1967,1968.0,2,1,dreifach,waermepumpe,21.0,2587,0.144,1,3.63,0.0,1,10620,87.6,B
2434,sued,einfamilienhaus,148.3,1978,2004.0,4,1,dreifach,gas,20.5,2879,0.247,1,0.92,6.75,1,13483,90.93,B
2435,west,mehrfamilienhaus,405.8,2005,,6,2,zweifach,gas,19.2,3185,0.18,0,0.84,0.0,1,42524,104.79,C
2436,west,mehrfamilienhaus,154.5,2014,2023.0,4,2,zweifach,fernwaerme,22.4,3045,0.253,0,0.98,10.09,1,9718,62.89,B
2437,ost,einfamilienhaus,84.4,1970,1990.0,1,1,zweifach,gas,21.2,3264,0.252,0,0.84,0.0,1,11370,134.72,C
2438,nord,einfamilienhaus,134.2,1958,,3,2,alt,oel,20.9,3466,0.127,0,0.79,0.0,0,18908,140.9,C
2439,nord,schule,79.1,1995,2021.0,2,1,zweifach,waermepumpe,21.6,3448,0.155,0,2.68,0.0,0,7101,89.78,B
2440,west,einfamilienhaus,232.8,1994,,5,2,zweifach,gas,18.3,3572,0.159,0,0.89,0.0,0,29634,127.3,C
2441,ost,einfamilienhaus,113.5,1978,2013.0,2,3,zweifach,waermepumpe,19.9,3095,0.196,0,3.41,0.0,0,7003,61.68,B
2442,sued,buero,111.9,1963,1975.0,1,2,dreifach,gas,18.7,2935,0.216,0,0.9,0.0,1,8088,72.26,B
2443,sued,buero,423.9,2013,,8,2,zweifach,waermepumpe,20.6,3231,0.187,0,,0.0,1,39547,93.3,B
2444,west,mehrfamilienhaus,97.0,2013,2014.0,4,2,dreifach,gas,20.9,3293,0.152,0,0.85,0.0,1,8276,85.33,B
2445,west,buero,89.3,2006,2025.0,1,3,zweifach,waermepumpe,20.7,2784,0.263,1,1.84,0.0,1,5599,62.66,B
2446,nord,einfamilienhaus,104.3,1993,,1,3,zweifach,fernwaerme,,3318,0.158,0,0.92,0.0,0,8771,84.07,B
2447,ost,buero,261.5,1969,1973.0,5,1,zweifach,oel,18.7,3253,0.217,0,0.72,0.0,1,33959,129.88,C
2448,sued,einfamilienhaus,218.6,1980,1984.0,3,1,zweifach,gas,19.5,2745,0.178,0,0.89,2.24,1,25660,117.37,C
2449,west,buero,133.4,1955,,2,1,dreifach,gas,21.0,2911,0.177,0,0.84,0.0,1,9610,72.04,B
2450,sued,einfamilienhaus,127.9,1968,,3,2,alt,gas,20.8,2463,0.214,1,0.93,0.0,0,13139,102.75,C
2451,sued,einfamilienhaus,210.8,1983,,3,1,dreifach,gas,18.9,1941,0.257,0,0.89,0.0,1,7808,37.03,A
2452,west,einfamilienhaus,191.4,1982,2011.0,3,2,alt,gas,21.9,2969,0.195,0,0.79,0.0,0,22656,118.38,C
2453,ost,buero,159.2,1956,1956.0,3,1,zweifach,waermepumpe,22.4,3145,0.156,0,3.11,0.0,0,12258,77.01,B
2454,nord,mehrfamilienhaus,222.2,2021,2025.0,5,3,alt,gas,21.0,2967,0.254,0,0.77,7.74,1,15595,70.2,B
2455,west,buero,101.2,1970,,2,1,zweifach,gas,18.7,3582,0.205,0,0.82,0.0,0,11995,118.51,C
2456,sued,einfamilienhaus,114.4,1988,,1,2,dreifach,gas,20.7,2584,0.189,1,0.86,0.0,0,9359,81.79,B
2457,west,einfamilienhaus,227.6,1984,2013.0,2,1,dreifach,oel,20.9,3419,0.231,1,0.81,6.19,1,29687,130.43,C
2458,ost,mehrfamilienhaus,198.6,1985,,3,2,zweifach,fernwaerme,20.2,3247,0.196,0,0.91,0.0,0,13928,70.12,B
2459,sued,einfamilienhaus,62.3,2013,2021.0,1,2,zweifach,waermepumpe,22.1,3712,0.303,1,3.02,0.0,0,4448,71.36,B
2460,ost,mehrfamilienhaus,174.6,2005,2017.0,1,2,zweifach,fernwaerme,20.4,3289,0.18,0,0.86,5.73,1,13436,76.97,B
2461,ost,halle,416.5,2015,2025.0,8,4,zweifach,fernwaerme,21.0,2594,0.237,0,0.93,0.0,1,24942,59.89,B
2462,nord,mehrfamilienhaus,245.1,1978,2001.0,5,2,dreifach,oel,21.4,3719,0.202,1,0.89,0.0,1,25837,105.43,C
2463,sued,einfamilienhaus,135.2,1969,1978.0,2,1,alt,gas,20.8,3544,0.202,1,0.86,10.46,1,18140,134.13,C
2464,ost,mehrfamilienhaus,119.0,1982,,2,4,zweifach,waermepumpe,,2480,0.162,0,2.78,0.0,0,6781,56.98,B
2465,ost,schule,203.0,1992,1999.0,4,2,dreifach,gas,22.7,3324,0.162,1,0.82,10.38,0,17261,85.02,B
2466,ost,mehrfamilienhaus,291.4,1975,,6,2,dreifach,waermepumpe,21.6,3401,0.205,0,2.98,0.0,0,21984,75.44,B
2467,ost,buero,74.0,1984,,2,1,zweifach,fernwaerme,20.4,3026,0.137,0,0.9,0.0,0,6452,87.14,B
2468,sued,einfamilienhaus,196.2,1961,1981.0,1,1,zweifach,fernwaerme,19.7,2102,0.151,1,0.93,0.0,0,20555,104.75,C
2469,sued,mehrfamilienhaus,147.1,1993,,2,1,zweifach,fernwaerme,19.2,2846,0.181,1,0.92,0.0,1,10304,70.03,B
2470,sued,einfamilienhaus,188.0,2003,2025.0,4,2,dreifach,pellet,17.6,2747,0.242,0,0.97,0.0,0,12259,65.2,B
2471,ost,mehrfamilienhaus,86.6,1989,1998.0,1,2,zweifach,oel,20.7,3635,0.184,0,0.94,0.0,0,7623,88.07,B
2472,sued,buero,291.3,2015,2025.0,5,2,zweifach,oel,20.0,2919,0.183,1,0.81,,1,29799,102.28,C
2473,nord,schule,329.0,2024,2025.0,6,4,zweifach,waermepumpe,20.5,3206,0.127,1,3.18,0.0,1,22916,69.66,B
2474,sued,einfamilienhaus,234.6,2017,2025.0,4,2,alt,fernwaerme,21.7,2745,0.265,0,,0.0,1,18839,80.32,B
2475,west,buero,361.0,1956,1991.0,8,1,dreifach,oel,20.4,3214,0.235,0,0.83,5.35,0,42949,118.98,C
2476,ost,einfamilienhaus,143.8,2016,,4,3,zweifach,gas,22.8,3120,0.241,0,0.86,0.0,0,11546,80.3,B
2477,west,einfamilienhaus,194.1,1975,2011.0,3,1,dreifach,gas,19.8,2824,0.107,0,0.9,0.0,1,17914,92.31,B
2478,nord,mehrfamilienhaus,236.2,1983,,4,1,alt,waermepumpe,19.3,3442,0.198,0,2.7,0.0,0,27297,115.57,C
2479,sued,mehrfamilienhaus,204.3,1980,,1,2,zweifach,gas,19.0,2755,0.133,0,0.89,0.0,0,16205,79.33,B
2480,sued,einfamilienhaus,152.4,1971,,2,2,zweifach,gas,21.4,2043,0.219,0,0.83,0.0,1,13036,85.56,B
2481,sued,mehrfamilienhaus,160.0,2015,,1,3,zweifach,gas,21.9,3184,0.196,1,0.79,0.0,0,11919,74.5,B
2482,sued,mehrfamilienhaus,314.7,1997,,6,2,zweifach,pellet,19.8,3151,0.206,0,0.92,0.0,0,30329,96.38,B
2483,nord,mehrfamilienhaus,170.5,2022,,3,3,dreifach,fernwaerme,19.2,3420,0.144,1,,0.0,0,11265,66.07,B
2484,sued,mehrfamilienhaus,283.5,2021,2025.0,6,2,dreifach,fernwaerme,22.3,2795,0.128,1,0.98,9.53,1,10295,36.32,A
2485,sued,mehrfamilienhaus,166.4,1981,1998.0,4,2,dreifach,waermepumpe,18.8,2925,0.148,0,3.36,6.54,0,9477,56.96,B
2486,sued,einfamilienhaus,282.7,2004,2025.0,5,2,zweifach,gas,21.7,3237,0.195,0,0.86,0.0,0,24312,86.0,B
2487,nord,einfamilienhaus,179.0,1987,,6,2,dreifach,waermepumpe,19.8,3129,0.168,1,3.14,0.0,1,16612,92.8,B
2488,nord,mehrfamilienhaus,227.0,1987,,4,2,zweifach,waermepumpe,21.0,3651,0.193,0,3.16,0.0,0,15226,67.07,B
2489,west,mehrfamilienhaus,125.7,2005,2013.0,1,3,zweifach,oel,21.8,2584,0.129,0,0.81,1.81,1,10191,81.07,B
2490,ost,einfamilienhaus,193.9,2001,,3,2,zweifach,waermepumpe,21.1,3159,0.18,0,2.85,0.0,0,15998,82.52,B
2491,ost,einfamilienhaus,126.6,2018,2020.0,2,2,alt,pellet,20.1,3109,0.25,0,0.87,0.0,1,13769,108.8,C
2492,nord,schule,142.2,2007,2016.0,3,3,dreifach,gas,22.6,3701,0.197,0,0.89,0.0,0,8690,61.13,B
2493,sued,buero,147.5,1996,2013.0,1,1,dreifach,gas,20.8,2628,0.2,0,0.91,,0,10418,70.63,B
2494,sued,mehrfamilienhaus,158.7,2018,,2,2,dreifach,waermepumpe,24.9,2667,0.2,1,3.58,0.0,0,7059,44.48,A
2495,west,buero,267.3,1957,1993.0,4,1,zweifach,oel,18.5,2612,0.154,0,0.87,0.0,1,35462,132.68,C
2496,sued,halle,139.7,2007,2020.0,2,3,zweifach,fernwaerme,16.4,2752,0.262,0,0.93,0.0,0,10213,73.13,B
2497,ost,mehrfamilienhaus,184.7,1979,1988.0,4,1,dreifach,gas,21.7,3189,0.198,0,0.89,0.0,1,18619,100.81,C
2498,nord,einfamilienhaus,283.1,1982,,5,1,alt,waermepumpe,20.5,2721,0.189,0,3.04,0.0,1,33524,118.41,C
2499,ost,mehrfamilienhaus,224.8,2008,2015.0,5,2,dreifach,waermepumpe,21.5,2945,0.214,0,2.75,,1,14710,65.43,B
2500,sued,schule,74.7,1970,1996.0,1,1,zweifach,pellet,19.6,3164,0.227,0,0.91,0.0,1,7907,105.87,C
